item_id,title,release_year
75796,Headhunter,2009
75815,Angels in the Outfield,1994
75822,Eddie and the Cruisers,1983
75828,Ninja Assassin,2009
75867,Orgazmo,1997
75881,Toy Story 2,1999
75903,A Star Is Born,1954
75918,Pretty in Pink,1986
75962,Back to Hannibal: The Return of Tom Sawyer and Huckleberry Finn,
75968,An American Werewolf in Paris,1997
75981,The Golden Temple,2012
75984,Fool's Gold,2008
76012,The Exorcist,1973
76019,The War Bride,2001
76023,Flick,2008
76036,National Security,2012
76042,The Vow,2012
76067,Winter's Bone,2010
76069,Love Station,2016
76071,Fight Club – Members Only,2006
76102,IMurders,2008
76111,Pocahontas II: Journey to a New World,1998
76113,Just One of the Guys,1985
76130,Prince,1969
76137,Love Liza,2002
76143,Anomalisa,2015
76145,The Great Gatsby,1926
76160,Million Dollar Baby,2004
76170,Insidious: Chapter 3,2015
76171,The Mummy,
76177,Ride Along 2,2016
76187,The Hills Have Eyes,2006
76195,Dirty Work,1998
76198,North Dallas Forty,1979
76279,Death at a Funeral,2007
76284,The Cowboys,1972
76325,My Scientology Movie,2015
76336,Blackhat,2015
76339,Hereafter,2010
76356,The Parent Trap,1998
76365,Anna and the King,1999
76391,Beware! The Blob,1972
76481,The Exorcist,
76483,Brave,2012
76488,The Royal Scandal,
76508,Chloe,2009
76512,Mississippi Damned,2009
76519,Cloverfield,2008
76524,Okja,
76530,Killers,2010
76620,The Shaggy Dog,1959
76627,No Good Deed,2014
76636,Double Impact,1991
76639,First Kill,2017
76658,Torque,2004
76660,Batman: Revenge,2003
76706,The Incredible Hulk,2008
76724,Red Lines,2014
76746,All the Pretty Horses,2000
76757,Pinocchio,1940
76772,Ouija,2015
76781,White Men Can't Jump,1992
76802,Contagion,2011
76825,Death of a Ghost Hunter,2007
76829,The Sweetest Thing,2002
76845,Good Burger,
76847,Police Story 2,2007
76849,Veronica Mars,2014
76861,Project Almanac,2015
76887,One Piece Film: Strong World,2009
76935,First Sunday,2008
76940,Harry Potter and the Goblet of Fire,2005
77043,Uptown Saturday Night,1974
77045,Christmas in Love,2004
77066,Identity,2003
77115,Jack Reacher,2012
77128,Insidious,
77136,Not Fade Away,2012
77140,The Living Daylights,1987
77141,The Lovely Bones,2009
77154,Flypaper,2011
77161,A Nightmare on Elm Street,1984
77176,Straight to Hell,1987
77190,Lethal Weapon 4,1998
77195,Bee Movie,2007
77216,Beethoven's 2nd,1993
77253,They Look Like People,2015
77267,Fighter in the Wind,2004
77293,A Wrinkle in Time,
77306,Oklahoma,1979
77330,Cleopatra,1970
77352,Harold and Maude,1971
77358,Black Beauty,1994
77363,Encino Man,1992
77376,Full Metal Jacket,1987
77384,American Pie Presents: Band Camp,
77388,Shade,2003
77415,How the West Was Won,1962
77455,Citizen Kane,1941
77478,Yes,2004
77485,Contract,2008
77521,Triangle,2009
77542,Contact,1997
77552,"We, the Women",1953
77576,The Librarians,2001
77597,Along Came Polly,
77609,17 Again,2009
77610,Sky High,2003
77627,Abraham Lincoln: Vampire Hunter,2012
77628,Leprechaun,1993
77636,Fred,2014
77651,Peter Pan,2003
77666,The World's End,2013
77670,Star Trek Into Darkness,2013
77684,Indiana Jones and the Last Crusade,1989
77693,Wolf Creek,2005
77696,The Heist,2008
77697,White House Down,2013
77707,WALL-E,2008
77737,The Humanoid,1979
77747,National Treasure,
77785,Ring 2,1999
77788,Clerks,1994
77793,Prom Night,1980
77798,A Perfect Murder,1998
77806,Stuck on You,2003
77818,Live Free or Die,2006
77866,In Good Company,2004
77867,The Ring,2017
77868,The Expendables,
77888,Four Sisters and a Wedding,2013
77894,Cars 3,2009
77898,Spy Game,2001
77905,Fatal Bond,1992
77910,Strange Wilderness,2008
77918,War Room,2015
77925,Ong-Bak: Muay Thai Warrior,2003
77945,Akira,1988
77946,A Low Down Dirty Shame,1994
77983,Black Mass,2015
77986,The First Power,1990
78010,Death Wish,1974
78019,Kagemusha,1980
78035,The Double Life of Veronique,1991
78058,Wish I Was Here,2014
78062,Robin Hood,1991
78076,Ed Wood,1994
78099,Wood Love,1925
78108,Enemy,2015
78132,Joe Dirt 2: Beautiful Loser,2015
78154,Chiko,2008
78168,Willy Wonka & the Chocolate Factory,1971
78172,The Terminal,2004
78186,Scary Movie,2000
78201,Texas Chainsaw 3D,2013
78207,Run Fatboy Run,2007
78233,The Producers,2005
78241,Halloweentown,
78267,The Room,2003
78326,Billy Elliot,2000
78340,Deadpool,2016
78343,The Ghost and the Darkness,1996
78352,Burglar,1987
78354,Soylent Green,1973
78361,Holy Water,2009
78373,Percy Jackson,
78399,Houseful,2009
78418,The Avengers,2012
78426,Twisted,2004
78436,Battlefield Earth,2000
78445,Valentine,2001
78453,Paprika,2006
78475,Kingdom of Heaven,2005
78479,Murder in the First,1995
78480,The Green Mile,1999
78491,Over the Top,1987
78504,Superman II,1980
78510,The Slammin' Salmon,2009
78531,The Return of the Pink Panther,1975
78559,Much Ado About Nothing,1993
78562,A Time to Kill,1996
78566,The Incredible Invasion,1971
78634,The Host,2013
78639,Criminal,2016
78644,Taxi,2004
78664,Zeitgeist,2007
78665,Resolution,2012
78670,They Live,1988
78673,I Think I Love My Wife,2007
78719,Saturday Night Fever,1977
78766,Snow White and the Seven Dwarfs,1937
78779,Not Another Happy Ending,2013
78799,The In-Laws,1979
78801,The Spy Next Door,2010
78804,The Shaggy Dog,2006
78807,Paparazzi,2004
78824,Psycho,2008
78854,Looney Tunes Super Stars' Bugs Bunny: Wascally Wabbit,
78869,Mom and Dad Save the World,1992
78874,Click,2006
78887,Saw VI,2009
78888,Eraser,1996
78925,Dusk to Dawn,1922
78926,Once Upon a Time in the West,1968
78929,The Adventures of Pinocchio,1996
78943,Man-Proof,1938
78950,It's a Free World...,2007
78958,Norbit,2007
78977,The Haunting,1999
79001,Outland,1981
79045,Thelma,
79062,Alien,1979
79072,Bullets over Broadway,1994
79106,Raging Bull,1980
79114,Uprising,2001
79136,Dances with Wolves,1990
79142,For a Few Dollars More,1965
79153,Oz the Great and Powerful,2013
79187,Giant,1956
79205,The Wild Geese,1978
79206,May,2002
79266,Absolutely Anything,2015
79278,West Side Story,1961
79284,Bitter Harvest,2016
79289,The Parent Trap,1961
79313,Open Season,2006
79320,Contact,2009
79341,The Other Sister,1999
79370,"The Way, Way Back",2013
79379,Chicken Little,2005
79385,Night of the Living Dead,1968
79401,Anatomy of a Murder,1959
79407,Mortal Kombat: Rebirth,2010
79408,Kubo and the Two Strings,2016
79421,Machete Kills,2013
79429,Cannibal! The Musical,1993
79439,Wild Thing,1987
79451,Predator,
79464,The Tree of Life,2011
79468,Dragnet,1987
79512,Monster House,2006
79543,Air Bud,1997
79553,The Disappearance of McKinley Nolan,2010
79665,Drag Me to Hell,2009
79689,"Greystoke: The Legend of Tarzan, Lord of the Apes",1984
79698,The Hurt Locker,2008
79707,Fat Albert,2004
79743,The Last Boy Scout,1991
79750,China,2016
79752,8 Heads in a Duffel Bag,1997
79755,Bully,2001
79779,Gran Torino,2008
79811,Homeward Bound II: Lost in San Francisco,1996
79815,We're Back! A Dinosaur's Story,1993
79824,The Divergent Series: Insurgent,2015
79834,The Skeleton Key,2005
79851,The Mask,1988
79856,The Time Machine,2002
79863,The Bible: In the Beginning...,1966
79888,Puncture,2011
79894,The Debt,2010
79924,The Gladiator,1986
79935,Fifty Shades of Grey,2015
79945,Deranged,1974
79954,A Christmas Carol,2009
79968,Split,2017
79978,Bully,2011
79989,Cinderella,1994
80009,The Amazing Spider-Man 2,2014
80014,Maverick,1994
80024,War of the Buttons,2011
80038,Lady in White,1988
80067,Toy Story,1995
80074,Home for Christmas,2010
80108,Can't Hardly Wait,
80131,Omen,2003
80133,Project A,1983
80178,Boy Wonder,2010
80188,Planes: Fire & Rescue,2014
80203,Boat Trip,2002
80208,The Devil Wears Prada,2006
80213,A Serious Man,2009
80235,Jennifer's Body,2009
80240,Annie,1982
80264,Zinda,2006
80284,The Lion King II: Simba's Pride,1998
80289,Die,
80306,The Creeper,1948
80325,Mission: Impossible,
80336,Annie,2014
80429,Under the Shadow,2016
80442,Jaws in Japan,2009
80446,F,2010
80448,Friday After Next,2002
80519,A Simple Plan,1998
80534,I Am Really Sorry,1976
80576,Dragonball Evolution,2009
80587,The Handmaiden,2016
80598,All's Faire in Love,2009
80603,Godzilla: Tokyo S.O.S.,2003
80649,Moses,1995
80683,The Cat and the Kit,1925
80685,Sister Act,1992
80691,Wild,2016
80699,Anaconda,1997
80716,Next of Kin,1989
80769,Boiler Room,2000
80811,Vengeance,1968
80865,Early Man,
80886,"Good Morning, Vietnam",1987
80918,The Cave,2005
80966,Night Falls on Manhattan,1997
80981,The Great Beauty,2013
80985,Boo! A Madea Halloween,2016
81006,Police Academy,
81024,Third Man on the Mountain,1959
81075,We're the Millers,2013
81078,Cube 2: Hypercube,2002
81080,How to Train Your Dragon 2,2014
81087,Holidays,2016
81108,X,1986
81135,It Comes at Night,2017
81162,Friday,1995
81165,Date with an Angel,1987
81196,The Pacifist,1970
81209,Freebie and the Bean,1974
81232,Religulous,2008
81234,S,2012
81265,Them!,1954
81296,Movie 43,2013
81307,Haunted Rooh,2016
81316,Johnny Be Good,1988
81317,Waiting for Forever,2010
81353,Once Upon a Time in China,
81385,Fargo,1996
81415,The Mission,1986
81416,The Man in the Moon,1991
81432,A Serbian Film,2010
81468,Annie,1976
81469,The Rise of the Krays,2015
81474,Captain Corelli's Mandolin,2001
81475,Triangle,2009
81492,Dinosaur,2000
81530,Black Beauty,1971
81559,Lego Marvel Super Heroes: Maximum Overload,2013
81563,Batman Returns,1992
81568,Flight,2012
81617,The Purple Rose of Cairo,1985
81625,Expelled from Paradise,
81660,13 Going on 30,2004
81669,Life,2007
81702,Hall Pass,
81715,The Importance of Being Earnest,2002
81748,"Red Firecracker, Green Firecracker",1994
81775,Never Say Die,1939
81792,Zootopia,
81805,Filth,2013
81819,Monster,2008
81860,Spirited Away,
81865,The Treasure of the Sierra Madre,1948
81878,A Quiet Place to Kill,1970
81881,Écoute voir,1979
81898,The Magnificent Nine,
81916,Son of Flubber,1963
81919,Miss You Already,2015
81968,Rocky Balboa,2006
82001,The Prophecy,1995
82020,The Killer Inside Me,2010
82022,Perfume,2001
82029,Ruby Sparks,2012
82041,Prancer,1989
82075,Cyborg X,
82087,Last Days in Vietnam,2014
82145,How to Steal a Million,1966
82153,Super Size Me,2004
82201,Julia's Eyes,2010
82233,Top Secret!,1984
82284,The Client,1994
82321,The Maltese Falcon,1941
82330,Wallace & Gromit: The Curse of the Were-Rabbit,2005
82346,Into Temptation,2009
82353,Memories of Murder,2003
82380,The Hidden,1987
82417,Wall Street,1987
82419,The French Connection,1971
82421,Coming Home,1978
82430,Devil's Knot,2013
82446,Something Wicked This Way Comes,1983
82467,New Jersey Drive,1995
82473,The Haunting in Connecticut,2009
82476,What's Eating Gilbert Grape,1993
82484,Jacob and Esau,
82497,MASH,1970
82536,Anonymous,2011
82537,Conviction,2010
82567,Hardcore Henry,2015
82569,The Wild Bunch,1969
82596,Psycho,1998
82602,The Goonies,1985
82631,My Super Ex-Girlfriend,
82641,The Equalizer,2014
82650,Waco: A New Revelation,1999
82657,Into the Blue,2005
82756,Stuart Little,1999
82763,Death Race,2008
82766,The Star of Santa Clara,1958
82775,When We First Met,
82795,A Perfect World,1993
82808,Diary of a Wimpy Kid,
82830,Miles Ahead,2015
82857,The Last Unicorn,1982
82858,Cannibal,2006
82871,Day of the Dead,1985
82876,Sex and the City 2,2010
82893,Cabin in the Sky,1943
82894,Frozen,2013
82923,Minions,2015
82955,Heist,2015
82969,The Bear,1988
82990,The Overnight,2015
83006,Day Watch,2006
83057,Scream 4,2011
83101,Free Fire,2016
83105,The Neon Demon,2016
83116,Can-Can,1960
83132,Final Destination 5,2011
83180,Acts of Worship,2001
83192,What Lies Beneath,2000
83236,Ninja Scroll,1993
83243,The House,1983
83274,It Could Happen to You,1994
83305,Haunted House,2004
83321,Jump,1999
83343,The 10th Kingdom,
83370,The Ruling Class,1972
83388,Sleeping Beauty,1959
83389,Ricochet,1991
83396,Thief,1981
83406,The Purge: Election Year,2016
83430,Buffy the Vampire Slayer,1992
83436,The Thing,2011
83451,All About My Mother,1999
83472,A Walk to Remember,2002
83489,Over the Edge,1979
83539,The Bourne Identity,1988
83552,Jumanji,2017
83570,Night of Dark Shadows,1971
83582,Starcrash,1979
83586,The Amityville Horror,1979
83617,Kevin Hart: Let Me Explain,2013
83624,Harry and the Hendersons,1987
83655,Table 19,2017
83675,The New Swiss Family Robinson,1998
83716,Bananas,1971
83749,Five Shaolin Masters,1974
83757,Mr. Holland's Opus,1995
83766,Primal Fear,1996
83775,Showboy,2002
83789,Ella Enchanted,2004
83790,Europa Report,2013
83814,True Grit,2010
83853,Spanglish,2004
83896,My Big Love,2008
83905,The Central Park Five,2012
83947,Strange Circus,2005
83948,Hancock,2008
83951,Steel Magnolias,2012
83976,The Magnificent Seven,1960
84001,Donnie Darko,2001
84003,127 Hours,2010
84007,Castaway,1986
84009,Speed Racer,2008
84026,Sleeping Beauty,1995
84028,The Man Who Knew Too Much,1956
84036,Hannibal,1959
84097,Charlotte's Web,2006
84100,Tank,1984
84153,Slap Shot,1977
84195,Cloverfield,
84201,Hiding Out,1987
84248,The City of Lost Children,1995
84269,Houseguest,1995
84273,Pineapple Express,2008
84310,Justice League: Gods and Monsters,2015
84332,The Wizard,1989
84339,Instructions Not Included,2013
84363,Paranormal Activity 2,2010
84379,Mickey's Magical Christmas: Snowed in at the House of Mouse,
84387,Before I Fall,2017
84411,Tunisian Victory,
84422,Ghost Rider,2007
84434,Heaven & Earth,1993
84436,Godfather,2007
84456,Girlfight,2000
84473,Diva,1981
84488,First Kill,2001
84517,The Long Voyage Home,1940
84524,Smiley,2012
84553,Fist of Fury,
84561,Swimfan,2002
84571,The Human Centipede 3,2015
84597,Alien 2: On Earth,1980
84704,The Wedding Game,2009
84710,Jobs,2013
84766,Flatliners,2017
84769,Birdman,2014
84772,Solitary Man,2009
84779,The Triplets of Belleville,2003
84788,Manos: The Hands of Fate,1966
84798,Pretty Woman,1990
84823,Noel,2004
84828,Two Weeks Notice,
84831,It,1966
84837,Vertigo,1958
84839,Dracula 2012,2013
84847,The Secret in Their Eyes,2009
84853,Shaft,2000
84854,Beauty and the Beast,2017
84875,The To Do List,2013
84903,Futurama: Bender's Big Score,
84907,Guys and Dolls,1955
84953,Heidi,1965
84974,Adventures of Captain Marvel,1941
85003,Simon Birch,1998
85036,The Matrix,1999
85059,The Breadwinner,2017
85079,Teenage Mutant Ninja Turtles III,1993
85082,The Astronaut's Wife,1999
85103,Haunted Mansion,1998
85106,The Prisoner,2013
85120,The Player,1992
85127,Dora,2016
85159,Little Nicky,2000
85183,The Summit,2012
85195,The Great Gilly Hopkins,2015
85198,Dahmer,2002
85204,When Ladies Meet,1933
85258,Because of You,1952
85265,Bichhoo,2000
85298,K2,1991
85301,Patch Adams,1998
85303,The Babysitter,1995
85414,Big Top Pee-wee,1988
85417,The Brave Little Toaster,1987
85423,This Is 40,2012
85430,The Falls,1980
85442,7 Days in Havana,2012
85502,A Haunted House,2013
85564,The Black Panther,1921
85566,Confessions of a Teenage Drama Queen,2004
85575,54,1998
85577,Fools Rush In,1949
85612,The Texas Chain Saw Massacre,1974
85637,American Gangster,2007
85645,The Judge,2014
85648,Into Thin Air: Death on Everest,1997
85662,The Mummy,2017
85665,I Love You Phillip Morris,2009
85668,The Ninth Gate,1999
85739,Freddy Got Fingered,2001
85748,Escape,2012
85750,Due Date,
85753,Society,1989
85755,Spetters,1980
85764,Kick-Ass,
85799,Men,1997
85804,The Thriller,2010
85811,Rolling Thunder,1977
85832,The Mummy Returns,2001
85851,Bandits,1997
85863,The Rage: Carrie 2,1999
85868,Inspector Gadget,1999
85875,Harry Potter and the Chamber of Secrets,2002
85879,Cliffhanger,1993
85908,Sol Goode,2001
85925,From the Hip,1987
85951,Austin Powers in Goldmember,2002
85961,In the Heart of the Sea,2015
85963,Backdraft,1991
85971,Dragon: The Bruce Lee Story,1993
86002,"Love, Rosie",2014
86045,Wings,1927
86104,The Piano,1993
86128,Dragon Tiger Gate,2006
86152,Spy Kids,2001
86164,Ayn Rand: A Sense of Life,1996
86168,Black Sheep,1996
86191,Under the Tuscan Sun,2003
86222,Nothing like the Holidays,2008
86240,Puppets,1916
86245,District 9,2009
86246,Godfather,1991
86268,Dudley Do-Right,1999
86272,G.I. Joe: The Rise of Cobra,2009
86345,JeruZalem,2015
86357,Red Dust,2004
86397,Batman Forever,1995
86414,Children of the Corn,1984
86428,The Departed,2006
86438,The Howling,1981
86439,The Death of Stalin,
86442,American Psycho 2,2002
86449,The Net,1995
86490,Predators,2010
86506,The Jungle Book,1994
86536,Indian Summer,1993
86569,The Ten Commandments,1956
86573,Nanny McPhee,2005
86576,Take the Money and Run,1969
86619,The World According to Garp,1982
86652,Race to Witch Mountain,2009
86699,Pain & Gain,2013
86728,Thoracocare,
86733,Tarzan & Jane,2002
86772,Five Children and It,2004
86815,Drumline,2002
86819,Return of the Living Dead,
86827,Ed,1996
86831,Bride of Chucky,1998
86837,Smurfs: The Lost Village,2017
86838,Finding Kind,2011
86841,Death Proof,2007
86844,Ninja Over the Great Wall,1987
86879,Ruz,2009
86889,Spies,1943
86912,And Then There Were None,1974
86923,A River Runs Through It,1992
86927,W,2014
86934,The Inn of the Sixth Happiness,1958
86940,The Duff,2015
86986,Rudolph and Frosty's Christmas in July,
86987,Incarnate,2016
86995,Legion,2010
87017,Love at Sea,1965
87033,G.I. Jane,1997
87048,It Came from Outer Space,1953
87060,Tom and Jerry: The Fast and the Furry,
87064,Pets,
87081,Casino Royale,
87084,The Walking Dead,1936
87090,Changeling,2008
87092,King Kong,1933
87094,Hollywood Homicide,2003
87114,God's Not Dead 2,2016
87115,Pocahontas,1995
87132,Black Mask 2: City of Masks,2002
87156,Underworld: Awakening,2012
87161,The Last Man on Earth,1964
87178,Beethoven's 4th,2001
87187,Whisper of the Heart,
87193,The Sitter,2011
87208,Sing!,2001
87223,Hotel Transylvania,2012
87231,Weekend,2011
87249,The Toxic Avenger,1984
87270,The Gnome-Mobile,1967
87294,Lilo & Stitch,
87296,Z movie,
87385,Spartan,2004
87411,Magnolia,1999
87413,Journey 2: The Mysterious Island,2012
87451,3 Days to Kill,2014
87457,Delivery Man,
87473,Silent Hill: Revelation,2012
87476,Rocky,1981
87488,The Last Emperor,1987
87490,Dr. Strangelove,1964
87521,The Great Mouse Detective,
87532,Wilson,2017
87541,The Night of the Iguana,1964
87608,The Temptress,1926
87612,The Train,2011
87655,Brother Bear,
87664,The Time Traveler's Wife,2009
87672,The Man in the Iron Mask,1998
87674,Broken Flowers,2005
87689,Blue Chips,1994
87741,Death Racers,2008
87745,Ocean's Thirteen,2007
87787,Lucas,1986
87826,Sunshine Cleaning,2008
87864,Miracles from Heaven,2016
87867,The Devil's Rejects,2005
87886,Raw,2016
87891,Mixed Nuts,1994
87910,The Chef,2012
87927,Carriers,2009
87947,Why Did I Get Married%3F,2007
87954,One Fine Day,1996
87999,I Kill Giants,
88002,National Lampoon's Pledge This!,
88006,Just My Luck,2006
88029,Tangled,2001
88051,Knights of the Round Table,1953
88102,Robbery,2015
88113,Insidious: Chapter 2,2013
88141,Saving Private Ryan,1998
88142,The Hours,2002
88150,The Warlords,2007
88172,It's Kind of a Funny Story,2010
88234,The Harvey Girls,1946
88257,Dutch,1991
88267,True Romance,1993
88275,A Nightmare on Elm Street 5: The Dream Child,1989
88292,Dawn of the Dead,1978
88309,Bull Durham,
88393,Scary Movie,
88410,Seven Samurai,1954
88412,Brewster's Millions,1985
88444,18 Again!,1988
88451,The Baby-Sitters Club,1995
88463,Orphan,2009
88467,Tango & Cash,1989
88469,The Phantom of the Opera,1925
88484,Underworld: Blood Wars,2017
88486,Starman,1984
88487,Juno,2007
88501,Night of the Comet,1984
88526,Snakes on a Plane,2006
88597,Black,2015
88624,Bride Wars,2009
88628,Restrepo,2010
88653,Paranormal Activity,
88655,9 to 5,1980
88658,Jeepers Creepers 2,2003
88661,Sideways,2004
88676,The Call,2013
88700,Rookie of the Year,1993
88703,Eclipse,1994
88725,Dior and I,2014
88747,Jingle All the Way,1996
88751,The Ring,2002
88774,Checking Out,2005
88826,Way of the Dragon,1972
88833,Godzilla vs. Hedorah,1971
88849,Love Bite,2012
88936,Gamer,2009
88957,High Fidelity,2000
88960,The Naked Gun,
89005,First Kid,1996
89034,The Queen of Versailles,2012
89085,Balls of Fury,2007
89109,Les Misérables,1948
89114,Goldfinger,1964
89128,"Oh, God! Book II",1980
89158,K-9,1989
89167,The Machinists,2010
89173,Despicable Me 2,2013
89174,Pirate's Passage,2015
89176,Paul Blart: Mall Cop 2,2015
89211,See No Evil 2,2014
89213,Jaws,
89235,Meet the Parents,2004
89306,Platoon,1986
89307,Ghost,1990
89313,Prom,
89352,The Pirate Movie,1982
89408,Nine Lives,2016
89429,Rebecca,1963
89486,Anne of Green Gables,1985
89501,The Chronicles of Narnia,
89602,The Ugly Truth,2009
89631,Alice in Wondertown,1991
89659,Underworld: Evolution,2006
89668,World War Z,
89669,Football,1982
89696,Marry Me,1925
89697,Sudden Impact,1983
89725,Pitch Perfect 2,2015
89770,The Number 23,2007
89780,Logan's Run,1976
89786,Night Monster,1942
89792,The Puppetmaster,1993
89811,High Anxiety,1977
89815,Artifact,2012
89838,The Fountain,2006
89839,Ride Along,2014
89884,August: Osage County,2013
89902,Coronado,2003
89907,"The Long, Long Trailer",1954
89921,Status Update,
89930,The Lovers,1994
89954,A Night at the Roxbury,1998
89960,S.W.A.T.: Firefight,2011
89965,Pippi Longstocking,1949
89967,Teen Witch,1989
89973,Crooklyn,1994
89987,The Blue Lagoon,1980
90010,Birdemic: Shock and Terror,2008
90026,The Texas Chainsaw Massacre: The Beginning,2006
90034,Man with a Movie Camera,1929
90076,Ghost Ship,2002
90114,The Perfect Storm,2000
90120,Doctor Strange,2016
90141,My Dog Skip,2000
90165,Why Me%3F,2015
90181,Chicken Run,2000
90203,Piranha,1978
90239,She-Devil,1989
90248,Jurassic World,2015
90253,The Waterboy,1998
90272,That Thing You Do!,
90332,Along Came a Spider,2001
90361,Meet the Parents,2010
90370,Cold Prey,2006
90371,Fist of Legend,1994
90382,Shark Tale,
90397,My Baby's Daddy,2004
90413,ZomBees,2008
90418,Memento Mori,1999
90472,Major League,1989
90483,Our Idiot Brother,2011
90486,Aliens,1986
90552,The Lost Boys,1987
90582,Princess,2006
90583,Father of the Bride Part II,1995
90591,Robin Hood: Men in Tights,1993
90603,Seventh Son,2015
90633,His Girl Friday,1940
90675,Dark Shadows,2012
90691,Eraserhead,1977
90692,Down and Out in Beverly Hills,1986
90747,She's All That,1999
90750,Kung Fu Panda 3,2016
90766,This Is the End,2013
90768,Jihad: A Story of the Others,2015
90773,Green Room,2015
90862,The Odd Life of Timothy Green,2012
90883,The Hitchhiker's Guide to the Galaxy,
90921,Paul,2011
90950,Avatar,2009
90967,Home Alone,
90969,Classified: The Edward Snowden Story,
90975,The Score,1978
90979,Varsity,1928
90998,Airport,1979
91015,Another Cinderella Story,2008
91025,Exam,2009
91026,Wildcat,1942
91030,Invaders from Mars,1986
91050,The Little Hours,
91074,Shutterdulai,2016
91076,Teenage Cave Man,1958
91087,Pop Star,
91089,The Addams Family,1991
91095,Jill Rips,2000
91106,Mr. Wonderful,1993
91112,Save the Last Dance,2001
91140,Truth or Dare,2013
91141,The Hunger Games: Mockingjay – Part 2,2015
91207,Sweet November,2001
91227,Bewitched,2005
91243,"Hieronymus Bosch, Touched by the Devil",2015
91277,Gattaca,1997
91285,The Banger Sisters,2002
91293,Casper,1995
91313,Blended,2014
91327,Cats Don't Dance,1997
91332,Pulp Fiction,1994
91359,Stalker,1979
91366,Seven Brides for Seven Brothers,1954
91395,Don't Breathe,2016
91457,1941,1979
91468,Marley & Me: The Puppy Years,
91481,Beverly Hills Cop,1984
91494,The Pursuit of Happiness,1988
91519,Jane Austen in Manhattan,1980
91547,Wreck-It Ralph,2012
91552,Poltergeist,2015
91563,Black Water,2007
91572,An American Crime,2007
91583,Surf Ninjas,1993
91589,Le Mans,1970
91604,Marshall,
91608,My Favorite Year,1982
91611,Free Willy,
91640,Chariots of Fire,1981
91649,Vampire's Kiss,1989
91665,Swingers,2007
91677,Carlito's Way,1993
91692,Epic Movie,2007
91737,Wonder of Women,1929
91760,Tightrope,1984
91855,Thoranai,2009
91882,The Shack,2017
91886,Legoman's Great Escape,2002
91916,Peggy Sue Got Married,1986
91958,The Majestic,2001
91965,Rescue Dawn,2006
91974,The Changeling,1980
92002,Superman,1987
92018,Princess Mononoke,1997
92022,Four Women of Egypt,
92090,The Grandfather,1954
92098,Camp Nowhere,1994
92106,Maze Runner: The Death Cure,2018
92117,Gnomes,
92216,The Shameless,2015
92233,The Blue Lagoon,1949
92266,Eve's Bayou,1997
92288,Death Toll,2008
92330,A Place at the Table,2012
92374,Cars,2006
92390,Enchanted,2007
92435,Drunken Master II,1994
92437,Death on the Nile,1978
92441,Birdman of Alcatraz,1962
92480,Sand Castles,2014
92501,Stonehearst Asylum,2014
92534,The Replacement Killers,1998
92601,ThanksKilling,2008
92607,One of Us,1989
92643,The Edge,1997
92651,Hostiles,2017
92667,Taxi Driver,1977
92704,Mozart and the Whale,2005
92720,Wrong Cops,2013
92826,E.T. the Extra-Terrestrial,1982
92836,Out to Kill,2014
92882,I Am Legend,2007
92883,Lóve,2011
92904,Still Alice,2014
92911,Rachel Getting Married,2008
92914,The Resident,2011
92920,Only God Forgives,2013
92937,The Gladiator,
92964,Budget Padmanabhan,2000
92980,Rio Bravo,1959
92989,Serendipity,2001
93005,Today's Special,2009
93008,Chaos,2000
93013,Daddy's Home,2015
93042,The Strangers in the House,
93044,Don't Be Afraid of the Dark,2010
93065,American Ninja,1985
93073,The Hungover Games,2014
93083,Kingsman: The Secret Service,2014
93091,The Santa Clause 2,2002
93094,National Lampoon's Vacation,
93101,H. G. Wells' The War of the Worlds,2005
93111,In This Corner of the World,
93115,The Magnificent Seven,2016
93151,The Last Temptation of Christ,1988
93165,Our House,2006
93178,So I Married an Axe Murderer,1993
93204,Cartel Land,2015
93215,Pleasantville,1998
93226,Road House,1989
93235,Irreplaceable,2016
93238,Super High Me,2007
93252,Dirty Dancing: Havana Nights,
93255,Air Bud: World Pup,2000
93258,Killing Zoe,1994
93282,Night of the Demon,1957
93310,The Rocky Horror Picture Show,1975
93320,The Darjeeling Limited,2007
93362,Noah,2014
93383,The Taking of Pelham One Two Three,1974
93402,The Blob,1988
93409,When in Rome,2002
93476,CQ,2001
93480,Dogville,2003
93489,Equilibrium,2002
93492,Tromeo and Juliet,1996
93497,The Sound of Music,1965
93509,Crimson Peak,2015
93515,Moms' Night Out,2014
93521,Harry Potter,
93523,Notorious,2009
93542,Train Ride,2005
93576,Rebel Without a Cause,1955
93683,The Blob,1958
93706,Signs,2008
93714,White Fang,1991
93739,The Hobbit: The Desolation of Smaug,2013
93769,Justice League: The Flashpoint Paradox,
93771,Waterboys,2001
93797,Annie,1999
93825,Stronger,
93839,Radio,2003
93845,Blood Diamond,2006
93852,The Kites Flying in the Sky,2008
93860,The Ruins,2008
93931,Fantastic Beasts and Where to Find Them,2016
93966,Awakenings,1990
93969,Happy People: A Year in the Taiga,2010
94027,The Candidate,2008
94056,Psycho,1960
94078,Trolls,2016
94147,Antz,1998
94180,Into the Storm,2014
94189,Prison Break: The Final Break,
94195,Bridget Jones: The Edge of Reason,2004
94205,Ali G Indahouse,2002
94219,Shakespeare in Love,1998
94243,The Actors,2003
94265,Meet the Blacks,2016
94269,Harvey,1950
94286,Dracula A.D. 1972,1972
94298,The Constant Gardener,2005
94309,Man on the Moon,1999
94317,New Year's Eve,2002
94320,Lawless,2012
94329,The Twilight Saga,
94349,Hanna,2011
94390,Message in a Bottle,1999
94460,This Christmas,2007
94474,Bride Wars,2015
94487,American Psycho,2000
94510,Grown Ups 2,2013
94619,Bad Words,2013
94651,The Man Who Knew Too Little,1997
94659,The Gold Rush,1925
94676,Starke Zeiten,1988
94687,Underworld,2003
94688,Police Academy 2: Their First Assignment,1985
94695,Everything You Always Wanted to Know About Sex*,1972
94710,Maurice,1987
94726,The Perfect Guy,2015
94741,Dracula,
94750,The Wolfman,2010
94771,Cloud Atlas,2012
94803,The Howling: Reborn,2011
94808,12th & Delaware,
94816,Dulha Mil Gaya,2010
94849,Treasure Island,1972
94852,Return of the Jedi,1983
94856,The Imaginarium of Doctor Parnassus,2009
94864,The Wicker Man,1973
94883,48 Hours of Hallucinatory Sex,1987
94945,Cop,1988
94961,Hollywood Shuffle,1987
94963,Mary Shelley's Frankenstein,1994
94985,Doctor Zhivago,1965
94996,Gangs of Wasseypur,2012
95019,The Fog of War,2003
95037,Step Up Revolution,2012
95051,Big Eyes,2014
95055,Conspiracy Theory,1997
95057,Madea's Tough Love,2015
95058,Hot Pursuit,2015
95066,Django Unchained,2012
95075,Pi,1998
95083,Inconceivable,2008
95089,Mean Girls 2,
95110,Arsenic and Old Lace,
95121,Jacob's Ladder,1990
95136,Comrades: Almost a Love Story,1996
95137,Predator 2,1990
95139,Mobile Suit Gundam F91,
95183,Dressed to Kill,1980
95186,The Man Without a Face,1993
95199,Home Alone,1990
95205,Where the Buffalo Roam,1980
95216,JFK,1991
95228,Evil Bong,2006
95240,Meatballs,1979
95286,Love in the Afternoon,1957
95306,Twister,1989
95310,The Last Escape,2010
95321,The Code,2001
95389,Air Force One,1997
95397,35 and Ticking,2011
95416,Why Get a Divorce%3F,1926
95450,Oliver & Company,
95467,Bound,1996
95485,Beyond the Law,1992
95491,Hood 2 Hood: The Blockumentary,2005
95495,The Interview,2014
95501,Kazaam,1996
95503,The Visit,2000
95511,Shanghai Noon,2000
95533,Weekend at Bernie's,1989
95539,Mom,
95609,Good Boy!,2003
95621,Rush Hour 2,2001
95629,Seeking a Friend for the End of the World,2012
95660,Central Intelligence,2016
95692,You Were Never Really Here,
95748,Sharp Shooter,2015
95750,Tenacious D in The Pick of Destiny,2006
95780,Barbershop,
95785,Six Reasons Why,2008
95813,Heaven Is for Real,2014
95855,"Oh, God!",1977
95860,Indecent Proposal,1993
95881,Independence Day,1983
95893,2001: A Space Odyssey,
95959,Cool World,1992
96021,Super Mario Bros.,1993
96040,Taking Chance,2009
96054,Y Tu Mamá También,2001
96070,The Grapes of Wrath,1940
96086,Slum,2013
96092,Snow White,1952
96140,Open Water,2003
96166,Shattered,2011
96176,The Emperor's New Clothes,1966
96184,Next,2007
96197,The Best Exotic Marigold Hotel,
96254,Little Voice,1998
96255,Michael Lucas' La Dolce Vita,2006
96268,You Can't Take It with You,1938
96274,Inside Out,2011
96281,Star Wars: Episode VIII – The Last Jedi,2017
96307,Aladin,2009
96316,Night of the Living Dead,1990
96329,Bulletproof,1996
96361,Any Given Sunday,1999
96376,Butterfly on a Wheel,2007
96382,I Am Number Four,2011
96426,The Batman vs. Dracula,
96439,I'll Sleep When I'm Dead,2003
96440,Population 436,2006
96460,Digimon: The Movie,
96465,In Harm's Way,1965
96494,Beginners,
96514,Police Story 3: Super Cop,1992
96519,Once Upon a Time in America,1984
96538,Madea Goes to Jail,2009
96541,Max Steel,2016
96544,Loved,1997
96559,Free State of Jones,2016
96596,Student Bodies,1981
96621,Ninja,2009
96622,Seven Years in Tibet,1997
96623,Mishima: A Life in Four Chapters,1985
96624,Mickey,2004
96637,Parents,1989
96646,Ghost,1998
96660,Pokémon 4Ever,2001
96684,Kramer vs. Kramer,
96707,A Bug's Life,1998
96716,Eight Men Out,1988
96742,Freejack,1992
96746,Mac & Devin Go to High School,2012
96757,Certified Copy,2010
96766,Paper Towns,2015
96778,Joy,2015
96793,The Breed,2006
96801,Holiday Affair,1949
96835,Shin Godzilla,2016
96841,Turner & Hooch,1989
96844,An American Werewolf in London,1981
96852,The Enemy,1979
96878,Machete,2010
96903,Godzilla Against Mechagodzilla,2002
96909,The Running Man,1987
96973,S3,2016
96983,2001: A Space Travesty,2000
96989,Route 666,2001
96993,Niagara,1953
96996,Lego Indiana Jones and the Raiders of the Lost Brick,
96998,Ali,2001
97007,Daddy Day Care,2003
97040,The Lovers,2017
97046,The Gumball Rally,1976
97066,9,2013
97146,13 Ghosts,1960
97153,Cabaret,1972
97167,Missing in Action,1984
97178,The Imposter,2012
97204,Slutty Summer,2004
97209,Oliver!,1968
97219,The Notebook,2013
97224,Sixty Million Dollar Man,1995
97228,Superman: Doomsday,
97255,Dr. Seuss' How the Grinch Stole Christmas,2000
97259,Pippi Longstocking,1997
97306,Into the Woods,2014
97346,The Girl Next Door,2007
97413,The Secret Life of Pets,2016
97461,Pokémon: The Movie 2000,1999
97494,Silence,2016
97548,Argo,2004
97549,Attack of the 50 Foot Woman,1958
97570,Exit Wounds,2001
97654,The Science of Sleep,2006
97667,Dave,1993
97683,Prince of the City,1981
97695,What Dreams May Come,1998
97728,Kate & Leopold,2001
97733,The Emerald Forest,1985
97745,The Good Son,1993
97818,Real Steel,2011
97819,Psycho,
97820,Blade II,2002
97892,Mr. Smith Goes to Washington,1939
97935,What If...,2012
97944,Safe House,2012
97945,Break-Up,2014
97959,8mm,1999
97982,Sister Act 2: Back in the Habit,1993
97989,Carrie,1952
98016,I Am Thor,2015
98028,Eternal Sunshine of the Spotless Mind,2004
98084,Paris When It Sizzles,1964
98088,Horrible Bosses,2011
98089,That Awkward Moment,2014
98135,Lego Star Wars: Revenge of the Brick,
98139,How the Grinch Stole Christmas,2018
98143,Earth Girls Are Easy,1989
98151,Evolution,2015
98165,Terminator Salvation,2009
98166,The Girl on the Train,2009
98167,Epsilon,1995
98238,The Seven Year Itch,1955
98248,Marilyn,2011
98252,Once,2007
98259,Monster,2003
98271,Demain tout commence,2016
98281,Encounters of the Spooky Kind,1980
98306,Crac,1981
98332,The Bandit,1996
98370,Phase IV,1974
98373,Dance Me to My Song,1998
98383,The Accountant,2016
98387,The Cabinet of Dr. Caligari,1920
98389,Hotel Transylvania 2,2015
98401,Fido,2006
98433,Indiana Jones and the Temple of Doom,1984
98443,VIPs,2010
98479,The Lodger,2009
98513,Existenz,1999
98527,Dumb and Dumber,
98587,Theeb,2014
98623,Risky Business,1939
98637,Battle of the Sexes,2017
98659,Harry Potter and the Deathly Hallows – Part 1,2010
98672,The English Patient,1996
98683,Matilda,1996
98687,Old Boys: The Way of the Dragon,
98699,Mystic River,2003
98701,A Dangerous Man,2009
98729,Foodfight!,2012
98740,Enemy at the Gates,2001
98746,Soul Surfer,2011
98805,A Far Off Place,1993
98815,Faces of Death,1978
98879,Up Close and Personal,1996
98909,A Fish Called Wanda,1988
98918,Spamalot,
98929,Inferno,2016
98930,Only You,1994
98939,Leprechaun 3,1995
98944,Hard Eight,1996
98955,Just Visiting,2001
98981,Bad Girls,1994
98987,A Few Good Men,1992
99001,Bridge of Spies,2015
99027,Production of Avengers: Infinity War and the untitled Avengers sequel,
99040,Iron Man,1931
99049,Excalibur,1981
99060,Ace Ventura,
99066,Burlesque,2010
99091,The Skulls,2000
99120,Eddie and the Cruisers II: Eddie Lives!,1989
99174,Dr. Who and the Daleks,1965
99182,The Night of the Devils,1972
99219,Miracle,2004
99244,Halloween,1978
99248,The Nazis Strike,1943
99256,La mujer de mi hermano,2005
99261,Time Bandits,1981
99276,Star Wars,1977
99302,Fierce Creatures,1997
99306,Paranormal Activity 3,2011
99324,Erin Brockovich,2000
99378,Edge of Darkness,2010
99381,Mindwalk,1990
99414,Welcome to Me,2014
99445,The Unforgiven,2005
99452,Year One,2009
99461,Porky's,1981
99463,Railroad Tigers,
99478,Jackass: The Movie,2002
99496,The Dark,2005
99513,Funny Games,2007
99536,Booty Call,1997
99545,Godzilla,
99560,"That's It, That's All",
99583,Iron Man,2008
99584,Titanic,
99659,Spawn,1997
99660,"I, Robot",2004
99691,Munich,2005
99692,Gozu,2003
99694,Frankenfish,2004
99703,Ganglamedo,2006
99715,Zombieland,2009
99732,Sad Movie,2005
99809,Oblivion,2013
99812,The Sweeney,2012
99824,Tokyo Gore Police,2008
99852,SpongeBob SquarePants 4-D,2002
99887,Eddie's Million Dollar Cook-Off,
99896,Spider-Man,2002
99910,Blazing Saddles,1974
99955,Dragon Ball Z: Lord Slug,1991
99963,The Journey,2004
99966,Snow White,1995
99975,Transcendence,2012
99998,Earthquake,1974
100026,Pari,1995
100030,Friends with Benefits,2011
100043,Back to the Future,
100070,The Mechanic,2011
100074,Return to Never Land,2002
100106,Hawking,2013
100165,House of Games,1987
100178,Peter Pan,1953
100183,Mr. Wrong,1996
100228,Rosie,2013
100271,Lady Bird,2017
100312,Bloodsport,1988
100323,Something's Gotta Give,2003
100329,Collide,2016
100382,Snow White,1987
100443,Battle of the Bulge,1965
100447,Death Wish V: The Face of Death,1994
100448,Life Is Beautiful,1997
100454,Dolls,1987
100459,The Giants,2011
100460,The Pixar Story,2007
100466,The King,1995
100468,Love & Basketball,2000
100493,Why Him%3F,2016
100498,Money Train,1995
100526,The Fog,1980
100536,School Ties,1992
100587,Gosford Park,2001
100599,Book of Shadows: Blair Witch 2,2000
100602,Persepolis,2007
100603,The Spy Who Loved Me,1977
100607,Scream,1981
100614,Bad Santa 2,2016
100646,Deep Impact,1998
100647,Cloak & Dagger,1984
100656,Fantasia 2000,1999
100667,Alice in Wonderland,
100676,Mickey's Twice Upon a Christmas,
100683,The Edge of Seventeen,2016
100687,Galaxy of Terror,1981
100708,Bambi,2013
100723,Ghostbusters,2016
100727,The Wrestler,2008
100737,My Dinner with Andre,1981
100749,Romeo and Juliet,2006
100750,The Hunger Games: Catching Fire,2013
100768,Kiki's Delivery Service,1989
100773,Spider-Man,1977
100784,2 Guns,2013
100821,X-Men: The Last Stand,2006
100822,Freaky Friday,1976
100838,Urban Legends: Final Cut,2000
100854,Driven,2016
100855,Cyborg Soldier,2008
100862,The Last Airbender,2010
100886,Krrish,2006
100909,On the Waterfront,1954
100911,Detective,2016
100924,The Hitcher,1986
100935,The Dark Crystal,
100962,How to Stop Being a Loser,2011
101005,Tarzan,1999
101013,Coffin,2011
101037,The Rocketeer,1991
101053,Daddy's Girl,1996
101081,"Crazy, Stupid, Love",2011
101131,Pee-wee's Big Adventure,
101138,Captain Mike Across America,2007
101153,The Croods,2013
101158,Jurassic Park,
101163,Stay Tuned,1992
101212,Hoodwinked!,2005
101241,To Catch a Thief,1955
101245,Her Battle for Existence,1910
101247,The Transformers: The Movie,
101264,Inception,2010
101283,Zombeavers,2014
101284,The Wizard of Oz,1982
101300,The Thomas Crown Affair,1968
101315,The Red and the Black,1954
101334,Death Note,2017
101335,Spider,2007
101352,Prelude to War,1942
101354,The Mothman Prophecies,2002
101399,Drunken Master,1978
101444,RoboCop,2014
101479,The Bad News Bears,1976
101483,Room,2005
101493,Pinocchio,1967
101495,Enemy,2013
101509,Paranormal Activity: The Marked Ones,2014
101523,Training Day,2001
101529,We'll Never Have Paris,
101569,Masterminds,2013
101570,Shall We Dance%3F,2004
101691,Bad Boys,1995
101744,Thelma & Louise,1991
101745,Lili,1953
101762,Let Me Out,2013
101775,Raiders of the Lost Ark,1981
101780,Zathura,2005
101785,Before I Wake,2016
101794,Lethal Weapon,1987
101799,The Kids Are Alright,1979
101813,Much Ado About Nothing,2016
101846,Last Man Standing,1996
101855,Future X-Cops,2010
101859,Nausicaä of the Valley of the Wind,1984
101889,Timecop,1994
101902,Night of the Living Bread,1990
101908,Rollerball,1975
101921,Swiss Family Robinson,1960
101948,The Fixer,2016
102007,Water for Elephants,2011
102053,Are We Done Yet%3F,2007
102057,Jackass 3D,2010
102067,The Wildest Dream,2010
102073,Ghost in the Shell,1995
102104,I Am Michael,2015
102116,Point Break,1991
102123,Fruitvale Station,2013
102141,Run Lola Run,1998
102147,Dread,2009
102157,Hoosiers,1986
102185,Two Night Stand,2014
102249,Whip It,2009
102290,Sorority Row,2009
102314,United 93,2006
102316,Queen of Babylon,1954
102324,A Better Tomorrow,1986
102326,Snowden,2016
102329,Pearl Harbor,2001
102343,Fed Up,2014
102346,Barbershop: The Next Cut,2016
102403,The Kid,1999
102417,We Bought a Zoo,
102429,Dum,2003
102442,Autumn in New York,2000
102456,The Truth About Cats & Dogs,1996
102457,Bird,1988
102475,Camp Rock 2: The Final Jam,
102493,The Illusionist,2010
102499,Night at the Museum,
102513,"O Brother, Where Art Thou%3F",2000
102528,Mansfield Park,2007
102613,The Last Godfather,2010
102631,Obsession,1997
102652,Mirrors,2008
102671,Suddenly,1996
102691,Room 237,2012
102696,Bring It On Again,
102703,Love Story,1986
102719,Scent of a Woman,1992
102722,Sky Captain and the World of Tomorrow,2004
102733,Murder on the Campus,1933
102747,Barbie as Rapunzel,2002
102752,Keith,2008
102761,Singing Lovebirds,1939
102811,The Children Who Cheated the Nazis,2000
102812,"Big Mommas: Like Father, Like Son",2011
102889,Fun,1994
102910,Stagecoach,1986
102937,Bicycle Thieves,1948
102954,Falling Down,1993
103032,The Old Man,2012
103034,,2015
103046,The Smurfs 2,2013
103066,The Glass Castle,
103097,The Brothers,2001
103163,Batman and Robin,1949
103175,Freddy vs. Jason,2003
103180,Ransom,1996
103189,The Nun,2013
103196,The Sunshine Boys,1975
103198,Hidalgo,2004
103213,Bandslam,2009
103222,Annie Get Your Gun,1950
103252,My Big Fat Greek Wedding 2,2016
103257,The Emperor's New Groove,2000
103291,Eddie Murphy Delirious,
103298,House Party,1990
103310,Money Monster,2016
103322,King Boxer,1972
103330,Hamilton,2006
103377,"Hail, Caesar!",2016
103400,The Green Berets,1968
103406,Winter Passing,2005
103420,The Final Countdown,1980
103429,Bug,2006
103434,Barbie of Swan Lake,
103441,Hyde Park on Hudson,2012
103452,Sex Drive,2008
103466,The Missing,2003
103486,Malibu's Most Wanted,2003
103517,A Guide to Recognizing Your Saints,2006
103521,Insomnia,1997
103527,Pinocchio,2012
103539,Night of Fear,1972
103550,Mr. Brooks,2007
103552,MirrorMask,2005
103588,RRRrrrr!!!,
103646,License to Wed,2007
103663,The Forbidden Kingdom,2008
103690,King,2002
103714,Girls,1980
103738,Black Snake Moan,2006
103739,Darkman,1990
103743,A Clockwork Orange,1971
103749,Pontypool,2008
103764,A Mighty Wind,2003
103784,The Ramen Girl,2008
103800,The Last Face,2016
103867,Gunfight at the O.K. Corral,1957
103876,The Recruit,2003
103887,The Trip to Italy,2014
103892,The Man Who Knew Infinity,2015
103896,House of 1000 Corpses,2003
103906,The Conjuring,
103957,A Christmas Story,1983
103991,"Synecdoche, New York",2008
103993,Bend It Like Beckham,2002
104007,Furry Vengeance,2010
104025,2010,1984
104047,Mad Max Beyond Thunderdome,1985
104052,The Inglorious Bastards,1978
104089,The Cat Returns,
104137,Jumper,2008
104147,Fanboys,2009
104154,Eat Pray Love,2010
104174,Animal House,1978
104177,Crash,2004
104180,La La Land,2016
104183,The Last Samurai,2003
104192,The Other Boleyn Girl,2008
104199,The Aristocrats,2005
104220,Meet the Feebles,1989
104222,Cops and Robbers,1993
104225,Pat Garrett and Billy the Kid,1973
104248,Sleepy Hollow High,2000
104249,Three Days of the Condor,1975
104253,The Perks of Being a Wallflower,
104278,Max,2015
104280,Batman Beyond: Return of the Joker,
104316,CinderElmo,
104331,Wordplay,2006
104364,Alex & Emma,2003
104367,Before I Go to Sleep,2014
104378,High School Musical,
104391,School of Rock,2003
104410,Mythica: A Quest for Heroes,2015
104477,Frozen,2007
104483,Piranha,1995
104502,The Misfits,1961
104519,Straw Dogs,2011
104551,Dracula 2000,2000
104564,Nancy Drew,2002
104589,Beasts of No Nation,2015
104629,Take Off Your Clothes and Live!,1963
104700,Fallen,1998
104711,Mudbound,
104766,Bring It On,2000
104772,Blade,
104779,Carolina,2003
104784,Tinker Bell,
104790,Lady Sings the Blues,1972
104809,Rush,2013
104831,Paris Can Wait,2016
104844,Sex Tape,2014
104847,Paranormal Activity 4,2012
104893,Batman: Death Wish,2012
104901,Collateral Damage,2002
104919,Miss March,2009
104930,Crank,2006
104942,Pan,1995
104943,Just the Way You Are,2015
104989,The Imitation Game,2014
105031,Gone in 60 Seconds,2000
105048,La Cucina,2007
105052,Our School's E.T.,2008
105060,Ice Age: Dawn of the Dinosaurs,2009
105068,First Blood,1982
105089,Lion,2016
105123,Rocky,
105178,Best Friends,2007
105190,Private School,1983
105216,Space Cop,2016
105230,Planet Earth Live,2010
105261,The Free World,2016
105264,Vile,2011
105289,The Diary,1974
105294,The Motorcycle Diaries,2004
105300,Murder at 1600,1997
105302,Something New,2006
105334,Memphis Belle,1990
105346,The Killing of a Sacred Deer,
105403,Occult,2009
105428,3:10 to Yuma,1957
105461,All About Eve,1950
105465,The Entity,1981
105476,The Divide,2015
105486,Poverty Inc.,2014
105529,Harriet the Spy,1996
105556,There Will Be Blood,2007
105558,Barefoot in the Park,1967
105563,Child's Play 2,1990
105589,Annihilation,2018
105612,My Wishes,1999
105617,The Cabin in the Mountains,2014
105645,Lord of War,2005
105656,The Duellists,1977
105690,Planet Earth Live,
105704,A Room with a View,2007
105712,Rocky IV,1985
105735,Sommersby,1993
105748,Lifted,2011
105764,Newsies,1992
105787,The Box,2003
105792,Imperial Dreams,2014
105809,Jesus,1973
105827,Kung Fu Panda,2008
105900,Christmas in Connecticut,1945
105916,Semi-Pro,2008
105923,Anything Goes,1956
105952,Four Rooms,1995
105958,One Piece: The Movie,2000
105959,I Heart Huckabees,2004
105969,The Last Picture Show,1971
105979,Dance Flick,2009
106018,Alaska,1996
106022,Taxi,2015
106113,Mimic,1997
106116,This Is England,2006
106126,My Life,1993
106132,Caddyshack II,1988
106135,Hitman,2014
106186,Firestarter,1984
106197,Let's Go to Prison,2006
106214,Troy Black,
106233,Jumanji,1995
106269,Atlantis: The Lost Empire,2001
106286,Holmes & Watson. Madrid Days,2012
106315,Bertie and Elizabeth,
106317,Meet the Parents,2000
106388,The Princess Bride,1987
106404,The Odd Couple,1968
106407,High School Musical 2,
106416,Funny Face,1957
106494,In Cold Blood,1996
106524,The Incident,2011
106562,Friends,1993
106576,The Girl with the Dragon Tattoo,2009
106588,Fatal Attraction,1987
106614,Sunset Strip,2000
106625,Back to School,1986
106633,Dracula,2006
106635,Stomp the Yard,2007
106652,Behind Enemy Lines,2001
106662,Public Enemies,2009
106673,Outsider,1997
106674,Bad Boys,
106707,Carousel,1956
106761,The Replacements,2000
106827,The Mighty Ducks,1992
106831,Dumbo,
106843,The Ledge,2011
106844,The Battle of the Sexes,1914
106853,Harry Potter and the Philosopher's Stone,2001
106887,Les Misérables,2012
106924,Red,2016
107018,Frozen,
107019,The Aviator,1985
107047,The Hitman's Bodyguard,
107050,Scooby-Doo,
107058,Death Run,1987
107168,Santa's Slay,2005
107171,EuroTrip,2004
107174,Christmas with the Kranks,2004
107175,Jeepers Creepers,2001
107216,Song of the Sea,2014
107265,Mulan,2009
107266,An American in Madras,2013
107312,The Haunted House,2005
107314,Ocean's Eleven,2001
107320,Faith like Potatoes,2006
107321,Charade,1953
107335,Leap Year,2010
107350,Sweeney Todd: The Demon Barber of Fleet Street,2007
107370,Lara Croft: Tomb Raider,2001
107379,Groundhog Day,
107383,Monsters vs. Aliens,2009
107389,Look Who's Talking Too,1990
107394,101 Dalmatians II: Patch's London Adventure,2003
107396,8 Mile,2002
107407,I Know What You Did Last Summer,1997
107411,The Grandmaster,2013
107420,Dumb and Dumber To,2014
107429,Volcano,1997
107477,The Full Monty,1997
107486,Star Wars: The Clone Wars,2008
107514,Aladdin,1992
107548,15 Park Avenue,2005
107554,Inglourious Basterds,2009
107573,John Q.,2002
107585,Spy Kids 2: The Island of Lost Dreams,2002
107615,Horror Express,1972
107616,Dead Again,1991
107628,Elvis and Anabelle,2007
107658,Bringing Down the House,2003
107671,Road to Perdition,2002
107673,Concussion,2015
107677,Grosse Pointe Blank,1997
107684,Blankman,1994
107744,Impressionen unter Wasser,2002
107751,Fast Times at Ridgemont High,
107757,Greased Lightning,1977
107778,Scooby-Doo 2: Monsters Unleashed,2004
107781,Echo,2003
107799,The Monster Squad,1987
107807,Clash of the Titans,2010
107826,Meet the Fockers,2004
107844,Resident Evil: Vendetta,
107859,Nebraska,2013
107887,Mermaid,2000
107928,End Game,2006
107940,The Bridge on the River Kwai,1957
107994,Little Boy,2015
108017,Lou,
108019,Sleepers,1996
108024,Devil,2011
108063,Eight Legged Freaks,2002
108093,Tango Tangles,1914
108094,Ouija: Origin of Evil,2016
108114,Last Ounce of Courage,2012
108121,Bed of Roses,1996
108137,Red Dragon,2002
108138,Parker,2013
108140,William & Catherine: A Royal Romance,
108195,Superman,1978
108205,Coming Home,2012
108217,Nick & Norah's Infinite Playlist,2008
108246,Death Wish 3,1985
108273,The Game Plan,2007
108278,The Lion King,1994
108299,Mother,1985
108301,Big Momma's House,2000
108351,All Quiet on the Western Front,1930
108389,Stand by Me,1986
108426,You Don't Mess with the Zohan,2008
108447,The Adjustment Bureau,2011
108453,Spy Hard,1996
108462,The Matrix Revisited,
108489,Sultan,2016
108551,Dolphin Tale 2,2014
108560,Brave New World,1998
108565,The Thing from Another World,1951
108574,The Killing,1956
108659,Night of the Dead,2006
108668,Teenage Mutant Ninja Turtles,1990
108706,Never Back Down,2008
108711,Three Days,
108715,The A-Team,2010
108725,Killing Time,2013
108746,Shooter,2007
108801,Penguins of Madagascar,2014
108853,Porco Rosso,
108863,Love Story,2011
108897,Moana,
108923,A Knight in Camelot,
108934,Thor,
108943,My Blueberry Nights,2007
108945,Single White Female,
108983,Fire Down Below,1997
108986,Empire of the Ants,1977
109030,Beaches,1988
109049,Terminator Genisys,2015
109064,Bridge to Terabithia,2007
109066,Playing for Keeps,2012
109075,Rubber,1936
109082,Black Swan,2010
109084,Hero,2007
109149,Heist,2001
109178,Good for Nothing,2014
109196,What Happened to Monday%3F,
109211,Avenger,2006
109310,Thomas and the Magic Railroad,2000
109323,Eden Lake,2008
109328,Blood Car,2007
109349,D-17,2008
109370,The Incredible Mr. Limpet,1964
109424,National Treasure: Book of Secrets,2007
109433,Dancer in the Dark,2000
109435,The Boy,
109449,El Dorado,1966
109453,Cujo,1983
109474,Seven Psychopaths,2012
109487,Sin City,2005
109492,Operator,
109495,Zulu,2013
109497,U.F.O.,2012
109558,The Gambler,2014
109568,Othello,1990
109594,Fever Pitch,2005
109621,America's Sweethearts,2001
109631,Wonderland,1999
109635,River's Edge,1986
109642,Batman v Superman: Dawn of Justice,2016
109660,Three Stooges Fun-O-Rama,1959
109729,Ladybugs,1992
109735,Dracula 3000,2004
109743,The Rite,2011
109753,The Disappointments Room,2016
109784,Butch Cassidy and the Sundance Kid,1969
109788,The Family Stone,2005
109798,Lucky Number Slevin,2006
109844,Money Talks,1997
109877,Up in the Air,2009
109883,Bears,2014
109892,Chasing Liberty,2004
109896,Fences,2016
109911,"It's a Mad, Mad, Mad World",1987
109931,List of accolades received by Inception,
109963,The Mask of Zorro,1998
110000,These Final Hours,2013
110011,Manchester by the Sea,2016
110046,Veronica,1972
110075,Midnight Sun,2014
110078,The Legend of Ben Hall,
110109,Brothers,2009
110119,As You Are,2016
110291,Sully,2016
110309,The Divergent Series,
110313,The Kite,2003
110352,Lockout,2012
110357,Sam,1986
110362,Miracle on 34th Street,1947
110365,Puff the Magic Dragon,1978
110419,Come Back to Me,2014
110433,The Borrower,1991
110494,American History X,1998
110497,Trouble with the Curve,2012
110510,A Nightmare on Elm Street 4: The Dream Master,1988
110517,Turbo,2013
110529,The Italian Job,2003
110534,The Comedy,2012
110577,Lost in the Wild,1993
110580,The Social Network,2010
110593,King of Hearts,1966
110605,Panic Room,2002
110608,Girls' Night,1998
110613,Outcast,2010
110632,Chasing Ice,
110635,Bleed for This,2016
110676,The Descent Part 2,2009
110685,Mr. Woodcock,2007
110698,The Monuments Men,2014
110711,Bring It On,
110715,The Internship,2013
110732,House of Flying Daggers,2004
110746,The Bachelorette,
110763,The Enforcer,1976
110800,Don Jon,2013
110806,Star Wars Kid,
110815,The Echo,2008
110831,Seasons of Our Love,1966
110858,Home Sweet Home,2016
110875,Pinocchio,1972
110878,Johnny English,2003
110944,Date Movie,2006
111030,Diabolique,1996
111041,Subway,1985
111063,Boogie Nights,1997
111099,Catch Me If You Can,2002
111132,The Color Purple,1985
111153,Ladder 49,2004
111161,Team America: World Police,2003
111165,Nora,1944
111188,"Yours, Mine and Ours",1968
111189,Step Up: All In,2014
111216,The Giver,2014
111262,Homeward Bound,1923
111292,Gifted Hands: The Ben Carson Story,
111399,We Are the Freaks,2013
111405,Grease 2,1982
111429,Guardians of the Galaxy Vol. 2,2017
111435,Quantum of Solace,2008
111452,Alien 51,2004
111475,Bachelor Party,2012
111488,L.A. Confidential,1997
111500,"The Cook, the Thief, His Wife & Her Lover",1989
111528,Girl in Progress,
111540,Dunkirk,2017
111572,The Greatest Game Ever Played,2005
111585,Body Snatchers,1993
111598,Dragonheart,1996
111612,Sophie Scholl – The Final Days,2005
111694,The Phantom of the Opera,2004
111717,Norman: The Moderate Rise and Tragic Fall of a New York Fixer,
111730,Redline,2009
111776,Super Troopers,2001
111782,Amadeus,1984
111831,Kicking and Screaming,1995
111841,King of New York,1990
111892,Brides,2004
111903,Just Friends%3F,2009
111918,Step Brothers,2008
111922,Brother Nature,2016
111929,"Salò, or the 120 Days of Sodom",1975
111953,Skiptrace,2016
111961,Jack the Ripper,1976
112069,Mad Max: Fury Road,2015
112074,Just Between Us,2010
112106,The Nativity Story,
112116,Bad Lieutenant: Port of Call New Orleans,2009
112161,The Prince,1996
112203,French Kiss,1995
112209,Copper Mountain,1983
112233,Night of the Living Dead,
112244,Scooby-Doo on Zombie Island,1998
112259,Pink Flamingos,1972
112260,James and the Giant Peach,1996
112277,Rent,2005
112284,Ring,1998
112297,The Love Guru,2008
112305,The Chronicles of Riddick: Dark Fury,
112314,Timeline,2014
112332,Miami Vice,2006
112342,Trick or Treat,
112343,Million Dollar Arm,2014
112346,The Fifth Element,
112365,Flubber,1997
112386,Dragonslayer,1981
112404,Good Time,
112434,Rocky V,1990
112446,Gunslinger,1956
112455,The Escapist,2008
112471,Japanese Story,2003
112493,The Man Who Wasn't There,2001
112538,Dawson City: Frozen Time,2016
112579,Kung Fu Hustle,2004
112585,The Cider House Rules,1999
112586,Wild Hearts Can't Be Broken,1991
112596,Sling Blade,1996
112622,Tremors,1990
112623,Mommy,2014
112644,Kids in the Hall: Brain Candy,1996
112680,13 Hours: The Secret Soldiers of Benghazi,2016
112688,The Muppet Christmas Carol,1992
112719,Gone Girl,2014
112735,Measure of a Man,2010
112737,Kingpin,1996
112742,The Penguin King,
112774,Dr. Dolittle 3,2006
112779,Even Money,2006
112783,Shrek the Third,2007
112792,The Hills Have Eyes,1977
112833,Cry Danger,1951
112880,Hang 'Em High,1968
112902,EDtv,1999
112905,Attack on Titan,2015
112927,Tom and Jerry: Spy Quest,2015
112941,Gigantic,2018
112947,A Girl at My Door,2014
112973,Street Fighter,1992
112994,Gerald's Game,2017
113020,1944,2015
113035,"Three Billboards Outside Ebbing, Missouri",2017
113055,Die Hard with a Vengeance,1995
113068,The Rescuers Down Under,
113134,A Trip to the Moon,1902
113137,Cyrano de Bergerac,1990
113150,Call Me by Your Name,2017
113192,Ace in the Hole,1951
113202,Gingerdead Man 2: Passion of the Crust,2008
113213,"I Love You, Man",2009
113216,Kargus,
113220,The Orphanage,2007
113247,Broken Springs,2010
113262,Toys,1992
113279,12,2007
113392,The Pursuit of Happyness,2006
113404,Wing Chun,1994
113416,You Got Served,2004
113435,Bob Logan,
113454,Life Is But a Dream,
113467,Secret,2009
113498,Places in the Heart,1984
113499,Aileen Wuornos: The Selling of a Serial Killer,1993
113514,Nadine,1987
113550,Necessary Roughness,1991
113586,Don't Answer the Phone,1980
113600,Ong Bak 3,2010
113622,What's Your Number%3F,2011
113667,The Informant,2013
113673,Invictus,2009
113679,Shaun the Sheep Movie,2015
113684,Cinderella,2015
113701,Fun with Dick and Jane,2005
113721,The Secret of Roan Inish,1994
113723,Good Kids,2016
113729,The Man Who Shot Liberty Valance,1962
113772,Christine,1983
113784,Ice Station Zebra,1968
113827,Annie Hall,1977
113834,Sky Raiders,1941
113862,Marnie,1964
113921,Forces of Nature,1999
113925,Traitor,2008
113931,Darkness Falls,1999
113972,"Honey, I Shrunk the Kids",1989
114017,Turtles Can Fly,2004
114020,Benji: Off the Leash!,2004
114034,Dumb and Dumberer: When Harry Met Lloyd,2003
114048,Waiting to Exhale,1995
114063,Night Fairy,1986
114109,The Hateful Eight,2015
114111,Reign Over Me,2007
114129,Fifty Shades of Black,2016
114157,A Little Princess,1995
114165,The Reef,2010
114190,XXX: State of the Union,2005
114231,Cape Fear,1991
114256,Point Break,2015
114271,Escape from New York,1981
114306,Secret in Their Eyes,2015
114311,Irréversible,2002
114327,Lucy,2003
114341,Baywatch,2017
114367,Animal Crackers,1930
114371,Donald's Snow Fight,1942
114419,A Christmas Wedding,
114453,Heartbreakers,2001
114454,The Thin Red Line,1998
114458,The Amityville Curse,1990
114502,Hush,2016
114507,The Shop Around the Corner,1940
114513,Donnie Brasco,1997
114545,Benji,1974
114550,Legendary,2010
114560,The Prestige,2006
114580,After Hours,1985
114617,The Crucible,1996
114633,Brooklyn,2015
114652,The Return of the Living Dead,1985
114659,Sniper,1993
114669,The Search for General Tso,2014
114671,Dance,2007
114677,12 Angry Men,1997
114709,3000 Miles to Graceland,2001
114756,Iron Man 2,2010
114759,Mad Max,1979
114761,He-Man,
114785,Little Shop of Horrors,1986
114801,Trading Places,1983
114851,The Godfather,
114854,Rapture-Palooza,2013
114876,Resident Evil: Extinction,2007
114909,"Crouching Tiger, Hidden Dragon",2000
114923,Unbroken,2014
114932,Braveheart,1995
114943,Around the World in 80 Days,2004
114945,Boomerang,2001
114952,The Legend,2012
114984,Final Fantasy VII: Advent Children,
114998,The Clown,2011
115021,Treehouse Hostage,1999
115047,Stranger than Fiction,2006
115108,From Dusk Till Dawn 3: The Hangman's Daughter,2000
115120,Hamburger Hill,1987
115155,The Sandlot,1993
115159,Upside Down,2015
115246,Hulk,2003
115249,The Dukes of Hazzard: The Beginning,
115250,The Town,2010
115261,Assassin's Creed,2016
115290,Hook,1991
115309,Semi-Tough,1977
115334,Keeping the Faith,2000
115348,Mystic Pizza,1988
115364,Beneath,2013
115368,Dangal,2016
115372,The Secret of NIMH,
115383,Snuff 102,2007
115398,Amityville: The Awakening,2017
115404,The Dirty Dozen,1967
115406,Insidious: Chapter 4,2018
115463,Saw,2004
115493,Windy City Heat,
115497,Hitlist,1996
115516,The Birdcage,1996
115518,Nick of Time,1995
115523,Going Down in LA-LA Land,2011
115547,The Last Horror Movie,2003
115548,Fantasia,1940
115588,The Lobster,2015
115612,28 Days Later,2002
115613,Corpse Bride,2005
115669,Woodlawn,2015
115675,The Man from Nowhere,2010
115688,Non-Stop,2014
115691,The Patriot,2000
115702,The Angry Birds Movie,2016
115723,All Dogs Go to Heaven 2,1996
115743,Khouya,2010
115745,List of accolades received by Gone Girl,
115827,The Best of Me,2014
115862,Metropolis,2001
115908,50 First Dates,2004
115920,Seval,2008
115979,Reverse,2009
116009,The Final Destination,2009
116050,Bleeding Steel,
116076,It,2004
116125,Napoleon Dynamite,2004
116134,A Walk Among the Tombstones,2014
116136,Are You Here,2013
116149,Water,1985
116199,Multiplicity,1996
116230,Tin Cup,1996
116259,Home for the Holidays,1972
116298,Addicted to Love,1997
116311,Righteous Kill,2008
116328,Hamlet,1990
116330,Hunter,2015
116352,Shallow Grave,1994
116376,Tommy,1975
116378,Bambi II,2006
116389,Clerks II,2006
116418,March of the Penguins,2005
116458,The Duchess,2008
116464,The Object of My Affection,1998
116524,The Big Short,2015
116545,New Jack City,1991
116577,The Divergent Series: Allegiant,2016
116593,Dark Night,2016
116630,Muppets from Space,1999
116644,St. Elmo's Fire,1985
116664,Heavyweights,1995
116675,Awesome,2006
116700,Screamers,1995
116711,More than Blue,2009
116714,Grumpy Old Men,1993
116723,Breathe,2017
116739,All Men Are Liars,1995
116763,Still Waters,2000
116774,ExTerminators,2009
116777,My Friend Harry,1928
116778,Come Drink with Me,1966
116784,Braindead,1992
116791,Snow on tha Bluff,2011
116810,The Man Who Saw Tomorrow,1981
116824,Rocky,2006
116864,Yellow Submarine,1968
116865,Touching the Void,2003
116879,Me and Orson Welles,2008
116886,Tombstone Terror,1935
116894,Masterminds,2016
116896,The Losers,2010
116897,Star!,1968
116903,"Yours, Mine & Ours",2005
116939,White Oleander,
116956,Lemonade Mouth,
116961,The Bad Batch,2016
116976,Forgetting Sarah Marshall,2008
117061,Being Charlie,2015
117072,The Chase,1991
117097,The Shaggy D.A.,1976
117103,Highlander II: The Quickening,1991
117122,The NeverEnding Story,1984
117126,Ex Machina,2015
117145,"What's Up, Tiger Lily%3F",1966
117159,Practical Magic,1998
117185,Cinderella,1955
117188,Forget Paris,1995
117236,An American Haunting,2005
117239,The Discovery,
117241,Sleepless,2017
117261,Play Misty for Me,1971
117271,Bachelor Party Vegas,2006
117306,Chronic,2015
117315,The President,2014
117324,Sausage Party,
117333,Creepshow,1982
117335,The Life of David Gale,2003
117347,Once Upon a Time in China,1991
117364,Gandhi,1982
117368,Surviving Gilligan's Island,
117381,Death to Smoochy,2002
117468,Love Shack,2010
117515,Pan's Labyrinth,2006
117523,Release,2010
117584,Muppets Most Wanted,2014
117589,Kidnap,2016
117608,Mona Lisa Smile,2003
117623,Manhunter,1986
117646,Beyond the Valley of the Dolls,1970
117677,Night at the Museum: Secret of the Tomb,2014
117692,Titan A.E.,2000
117716,The Book of Henry,
117754,Anna in Kungfuland,2003
117771,Bring It On: All or Nothing,
117776,Slugs,1988
117804,The Longest Week,2014
117816,The Cheetah Girls,
117835,Enter the Dangerous Mind,2013
117840,Pet Sematary,1989
117881,Only the Strong,1993
117898,Strange Days,1995
117905,The Three Stooges,2012
117907,Natural Born Killers,1994
117925,Rambo III,1988
117942,Oklahoma!,1955
117958,Guardians,2017
117972,Little Miss Sunshine,2006
118020,Lethal Weapon 2,1989
118025,The Fall,1999
118028,Automata,2014
118034,The Breaks,1999
118097,And So It Goes,2014
118102,The Stand Up,2011
118135,Space Cowboys,2000
118161,Immortals,2011
118273,The Wonder,2016
118283,Papa,2016
118307,Captain America,1979
118316,The Amityville Haunting,2011
118338,The Forest,2016
118353,P.S. I Love You,2007
118395,The Nerd,
118397,Joe Versus the Volcano,1990
118402,Rising Sun,1993
118472,The Last Mimzy,2007
118506,Meek's Cutoff,2010
118522,The Fourth Kind,2009
118526,The True Cost,2015
118557,LOL,2012
118568,Endless Love,1981
118637,Bio-Dome,1996
118651,Pirates of the Caribbean: Dead Man's Chest,2006
118663,Independence Day: Resurgence,2016
118669,Honey,2010
118748,The Choice,2016
118756,Zombie Apocalypse,
118762,21 Jump Street,2012
118784,Project X,2012
118789,Head Above Water,1996
118857,Blank Check,1994
118888,Death Becomes Her,1992
118912,Love Jones,1997
118955,Critters,1986
118970,Nanook of the North,1922
119015,Kimi ni Todoke,2010
119062,Grand Hotel,1932
119087,The Fast and the Furious,
119090,Never Been Kissed,1999
119113,The Speed Girl,1921
119116,Club Dread,2004
119144,Wonder Woman,2017
119146,13th,2016
119149,Captain America: The First Avenger,
119165,Poison Ivy,1992
119191,Ishq Click,
119207,The Deer Hunter,1978
119227,I Am Big Bird: The Caroll Spinney Story,2014
119232,Gummo,1997
119241,Homeless to Harvard: The Liz Murray Story,
119247,Snow White,1916
119254,The Queen,2012
119276,Dick Tracy,1990
119295,A Nightmare on Elm Street,2010
119297,Dance with Me,1998
119326,Harold & Kumar,
119347,"Mary, Queen of Scots",1971
119395,Armaguedon,1977
119409,Appleseed,
119424,Frankenstein,1931
119465,Ben-Hur,1959
119495,Stranger Things,2010
119560,Mickey's Christmas Carol,1983
119562,Murderball,2005
119570,The Princess and the Frog,
119571,Drift,
119576,Big Hero 6,2014
119594,Julie & Julia,2009
119630,The Adventures of Sharkboy and Lavagirl in 3-D,2005
119652,The Wind in the Willows,1987
119656,The Painted Veil,2006
119662,What About Bob%3F,1991
119667,The Lake House,2006
119699,Pirates of the Caribbean,
119701,Serpico,1973
119721,The Runaway Bride,1930
119722,Did You Hear About the Morgans%3F,2009
119729,Need for Speed,2014
119750,The Humming Bird,1924
119762,Head of State,2003
119777,Herbie: Fully Loaded,2005
119803,Nightmare,2011
119840,Requiem for a Dream,2000
119847,Austin Powers: International Man of Mystery,1997
119883,Submission,2004
119884,Without a Paddle,2004
119886,Backcountry,2014
119914,Pride and Prejudice,1940
119925,Last Tango in Paris,1972
119935,I Am Sam,2001
119955,The Butler,2013
119957,Your Sister's Sister,2011
120003,Fight Club,1999
120007,Dead Awake,2016
120039,Batteries Not Included,1987
120047,The Rain People,1969
120057,The Outlaw,1943
120068,King Lear,1971
120084,Romeo + Juliet,1996
120092,The Shape of Water,2017
120113,Men in Black,1934
120150,Coraline,2009
120159,Being There,1979
120171,Equals,2015
120257,Accepted,2006
120262,Startup.com,2001
120270,Rambo,2008
120276,Prestige,1932
120281,Triplex,1991
120293,Ghostbusters II,1989
120297,The Hospital,1971
120320,Green Zone,2010
120328,Sweeney Todd,1928
120329,The Leather Boys,1964
120349,Secret Window,2004
120367,Ghost Rider,1982
120379,Wes Craven's Chiller,1985
120399,The Adventures of Ichabod and Mr. Toad,1949
120405,Splash,1984
120436,Maximum Overdrive,1986
120487,The Nutty Professor,2008
120520,Where the Red Fern Grows,1974
120544,Hostel: Part II,2007
120552,Goodbye Solo,2008
120588,Muana Mboka,1999
120592,Dangerous Minds,1995
120598,Everly,2014
120602,Star Trek: First Contact,1996
120604,Kings of Pastry,2009
120613,Jawbreaker,1999
120629,Home Alone: The Holiday Heist,
120673,"To Wong Foo, Thanks for Everything! Julie Newmar",1995
120678,The Guardian,1990
120681,How Stella Got Her Groove Back,1998
120705,The Golem,1915
120709,Were the World Mine,2008
120722,Pacific Rim,2013
120726,We Were Soldiers,2002
120739,Blue Valentine,2010
120742,Thumbsucker,2005
120775,Presumed Innocent,1990
120792,In the Army Now,1994
120803,Frailty,2001
120813,The Gate,1987
120849,The Fast and the Furious,2001
120854,The Yes Man,1991
120859,Looney Tunes: Back in Action,
120880,The Adventurer,1922
120886,When a Man Loves a Woman,1994
120896,Fly Away Home,1996
120947,Ocean's Twelve,2004
120948,Groundhog Day,1993
121015,Queen Kelly,1929
121033,Food Matters,2008
121123,Silver Linings Playbook,2012
121148,Bram Stoker's Dracula,1992
121179,Cop Out,2010
121241,Barbie Thumbelina,
121257,Back to the Future Part III,1990
121284,Robot Stories,2003
121328,The Haunting of Molly Hartley,2008
121347,The Terminators,
121355,Chaplin,1992
121366,The Pianist,2002
121381,%22Crocodile%22 Dundee,1986
121386,The Birds,
121396,Men in Black II,2002
121410,Memoirs of a Geisha,2005
121413,Thirteen Ghosts,2001
121422,Life as We Know It,2010
121440,Love Stinks,1999
121453,Mafia!,1998
121484,Southside with You,2016
121487,Slapshot,
121502,The Ref,1994
121508,Mr. Mom,1983
121535,Spring Breakers,2012
121541,Cowboys & Aliens,2011
121563,As Good as It Gets,1997
121566,Absolute Power,1997
121576,Radio Days,1987
121579,My Tutor Friend,2003
121643,Queen of Katwe,2016
121672,Kotti,2010
121678,Slumdog Millionaire,2008
121726,The Taking of Pelham 123,2009
121727,The Lost World: Jurassic Park,1997
121733,Rambo,2012
121751,Sexy Beast,2000
121763,79 A.D.,
121814,All Eyez on Me,
121850,The Hurricane,1999
121868,Blue Ruin,2013
121888,The Mortal Instruments: City of Bones,2013
121894,Last Vegas,2013
121902,This Film Is Not Yet Rated,2006
121947,Ice Age,2015
121954,Secretariat,2010
121957,The Thomas Crown Affair,1999
122011,The Pink Panther,1963
122017,Troy,2004
122021,Closer,2004
122058,Knight and Day,2010
122060,The Maze,1953
122126,Jason Bourne,2016
122135,The Immortals,1995
122138,Clash of the Titans,1981
122154,Marley & Me,2008
122159,Mary and Max,2009
122164,Life of Pi,
122169,"Mystery, Alaska",1999
122172,Office Christmas Party,2016
122174,Mystery Men,1999
122184,Their Eyes Were Watching God,
122202,The Tao of Steve,2000
122208,Into the Wild,2007
122209,I'm Gonna Git You Sucka,1988
122238,One Piece Film: Gold,2016
122269,The Valley of Gwangi,1969
122273,Space Buddies,
122278,Alien: Covenant,2017
122295,The Mack,1973
122326,Shrek 2,2004
122330,Cheech & Chong's The Corsican Brothers,1984
122343,The Darkest Hour,2011
122364,Confessions of a Shopaholic,2009
122369,Riding in Cars with Boys,2001
122385,Dumb and Dumber,1994
122389,Citizenfour,2014
122408,Emma,1996
122411,The Bridge,2006
122427,The Fifth Seal,1976
122442,Midnight,1939
122493,Unfriend,2014
122494,Star Wars: Episode I – The Phantom Menace,1999
122502,Bullitt,1968
122524,"Alexander and the Terrible, Horrible, No Good, Very Bad Day",2014
122539,Armageddon,1998
122552,Hangover,2010
122604,Coco,2017
122613,Halloween: The Curse of Michael Myers,1995
122621,Malice,1993
122640,Roadie,1980
122660,Ghost Pub,1994
122685,Where the Red Fern Grows,2003
122712,M,1931
122720,Winter Soldier,1972
122726,School for Scoundrels,2006
122755,Better Than Chocolate,1999
122793,Down by Law,1986
122825,All That Jazz,1979
122831,Red Dawn,2012
122837,Charlie and the Chocolate Factory,2005
122852,Akeelah and the Bee,2006
122863,The Cure,1995
122946,Big Momma's House 2,2006
122958,The Driver,1978
122984,The Fog,2005
123009,The Adventures of Huck Finn,1993
123015,The Proposal,2009
123032,Grey Gardens,1975
123042,Lego Batman: The Movie – DC Super Heroes Unite,
123071,Cheaters,2000
123075,Election,2005
123083,Fatal Instinct,2014
123089,Collateral Beauty,2016
123148,Cedar Rapids,2011
123159,The Long Good Friday,1980
123210,Frozen,2010
123245,Mission to Mars,2000
123270,She's Gotta Have It,1986
123276,Deathgasm,2015
123327,Pan,1922
123331,Léon: The Professional,1994
123392,Lights Out,2016
123395,Frankenstein,2004
123405,Rosewater,2014
123443,Beauty and the Beast,2009
123446,Them,2006
123454,In Time,2011
123463,The Animatrix,2003
123472,The Phantom of the Opera at the Royal Albert Hall,2011
123515,Pootie Tang,2001
123525,Wild Wild West,1999
123533,The Immortal Life of Henrietta Lacks,
123548,Seven,1979
123583,Curious George 2: Follow That Monkey!,2009
123589,Terms of Endearment,1983
123598,The Virgin Spring,1960
123620,Unforgiven,2013
123625,You're Not You,2014
123629,"It's a Mad, Mad, Mad, Mad World",1963
123652,The Adventures of Mark Twain,1985
123680,Anna Karenina,2012
123700,Children of the Corn,2009
123744,12 Years a Slave,2013
123754,High School Musical 3: Senior Year,2008
123780,Red Princesses,2013
123791,Megan Leavey,
123796,Triple 9,2016
123814,Warrior,2007
123825,Batman vs. Robin,
123837,Grimm,2003
123855,"Fat, Sick and Nearly Dead",2010
123908,The Lady in Black,1928
123917,Appaloosa,2008
123921,Frisbee: The Life and Death of a Hippie Preacher,2005
123939,The Insider,1999
123981,Love Don't Cost a Thing,2003
123995,Bambi,1942
124024,Pirates of the Caribbean: Dead Men Tell No Tales,2017
124032,The Water Horse: Legend of the Deep,2007
124056,Mists,2000
124072,Delicatessen,1991
124079,Night of the Living Dead 3D,2006
124092,Brian's Song,
124098,Bad Teacher,2011
124116,Troll,1986
124121,Arrietty,
124142,Elf,2003
124172,Krampus,2015
124193,Flash Gordon,1936
124257,The Transporter Refueled,2015
124268,Mamma Mia!,2008
124333,Clown,2014
124336,The Americano,1916
124344,Timecrimes,2007
124355,Hauling,2010
124356,Sleepy Hollow,1999
124377,"The House of 1,000 Dolls",1967
124401,Nanny McPhee and the Big Bang,2010
124402,"The Good, the Bad and the Ugly",1966
124408,Cheaper by the Dozen,2003
124433,Beautiful Creatures,2000
124445,The Patriots,1994
124449,Devil,2010
124457,Stage Door,1937
124461,White Christmas,1954
124485,Spaceballs,1987
124500,American Ninja 2: The Confrontation,1987
124520,Mr. Right,2015
124522,Sherlock Jr.,1924
124540,The Mommy Returns,2012
124545,10 Cloverfield Lane,2016
124582,Godspell,1973
124601,Coco,
124662,The High and the Mighty,1954
124708,Dazed and Confused,1993
124717,Rare Exports: A Christmas Tale,2010
124725,One Day,2010
124741,Area 51,2015
124745,Blue Moon Rising,2010
124771,48 Hrs.,1982
124779,The Tommyknockers,
124780,Red Heat,1988
124787,Up in Smoke,1978
124797,Bad Lieutenant,
124805,The Constitution,2016
124830,Love at First Child,2015
124848,No Country for Old Men,2007
124850,The Chumscrubber,2005
124856,M. Butterfly,1993
124890,Kick-Ass 2,2013
124891,Black Belt,2007
124895,Dirty Love,2005
124903,Moneyball,2011
124908,The Musical Comedy Murders of 1940,
124957,The China Syndrome,1979
124964,Forever Strong,2008
125014,Act of Valor,2012
125036,Grindhouse,2007
125063,Jamesy Boy,2014
125099,The Perfect Holiday,2007
125118,2001: A Space Odyssey,1968
125120,Nobody Gets Out Alive,2012
125156,Scary Movie 3,2003
125192,Gangster,2006
125213,Rounders,1998
125235,Lone Survivor,2013
125258,World Trade Center,2006
125262,CHiPs,
125265,Angry Bird,
125280,Mr. Deeds,2002
125284,Garden State,2004
125312,Catch That Kid,2004
125332,Sleeper,1973
125369,Rugrats Go Wild,2003
125384,020,
125386,Icarus,2010
125431,Annabelle,2014
125443,Oliver Twist,1922
125452,Big Business,1988
125456,The One,2001
125494,61*,2001
125499,Hope,2007
125501,BASEketball,1998
125515,The Great Buck Howard,2008
125517,Holiday Inn,1942
125540,Mary Reilly,1996
125567,A Dog's Purpose,2017
125575,A Girl Like Her,2012
125581,Mr. Church,
125591,How to Be Single,2016
125624,The Graduate,1967
125656,K,2002
125663,Michael Clayton,2007
125679,Alone in the Dark,2005
125687,Muppet Treasure Island,1996
125698,Hardware,1990
125699,The Duel,2016
125720,The Natural,1984
125742,Prisoners,1981
125767,Badlands,1973
125813,American Zombie,2007
125855,Disobedience,2003
125872,The Impossible,2012
125893,Bridget Jones,
125914,Courage Under Fire,1996
125931,Warrior,2011
125932,Darkness Falls,2003
125954,Star Trek: Of Gods and Men,
125958,Children Full of Life,2003
125997,Ponyo,
126001,Gangster Squad,2013
126044,Freaky Friday,2003
126046,Popstar,
126048,Taking Lives,2004
126060,An Extremely Goofy Movie,2000
126083,Born to Be Wild,2011
126096,The Illusionist,2006
126174,The Last Starfighter,1984
126177,Gifted,2017
126211,Now and Then,1995
126231,Rana,2013
126237,The Lucky One,2012
126247,The Preacher's Wife,1996
126257,Boruto: Naruto the Movie,2015
126281,Mute,2018
126292,Raees,2016
126304,Creep,2014
126305,Big,1988
126306,Airplane II: The Sequel,1982
126323,Conquest of Space,1955
126337,Anywhere but Here,1999
126347,Glengarry Glen Ross,
126368,Seabiscuit,2003
126371,American Me,1992
126375,The Pacifier,2005
126421,Jhoom Barabar Jhoom,2007
126426,The Gifted,2014
126450,Desk Set,1957
126469,What Women Want,2000
126487,October Sky,1999
126496,Once Upon a Time,2013
126520,Sex and Zen,1991
126554,Flash Gordon,1980
126564,Happy Madison Productions,
126619,Daddy Day Camp,2007
126626,Mom's Got a Date with a Vampire,
126656,The Fast and the Furious: Tokyo Drift,2006
126667,Death Ship,1980
126670,Punch,2011
126693,Extinction,
126709,Boyz n the Hood,1991
126730,My Little Pony: Meet the Ponies,2008
126740,Immortal Beloved,1994
126766,The Sixth Race,1953
126786,The Guest,2014
126808,Wings of Life,2011
126809,3:10 to Yuma,2007
126817,Bombing the Nazis,1943
126827,"Hello, Dolly!",1969
126901,Final Girl,2015
126916,Red Eye,2005
126922,Showgirls,1995
126924,The Campaign,2012
126947,Zorro,1975
126949,Dark Sea,2013
126987,The Siege,1998
126998,The Mirror,2015
127011,Sgt. Bilko,1996
127019,The Fly,1986
127029,A Lot like Love,2005
127046,The Lost City of Z,2016
127059,Billy Lynn's Long Halftime Walk,2016
127068,White Girl,2016
127115,Hot Fuzz,2007
127123,Full Metal Village,2006
127188,After Earth,2013
127195,A Haunting in Salem,2011
127196,Ice Age,2002
127206,Match Point,2005
127231,Journey to the Center of the Earth,2008
127243,Expired,2007
127275,Knowing,2009
127291,Hard Target,1993
127324,Let's Be Cops,2014
127328,Hairspray,2007
127342,Monster Trucks,2017
127357,Colossal,2017
127365,Ride,2009
127378,21,2008
127434,Animal Crackers,2017
127508,Dead Before Dawn,2012
127513,Halloween: Resurrection,2002
127514,Jongens,2014
127525,The Untouchables,1987
127563,Babes in Toyland,1934
127582,The Jungle Book 2,2003
127588,"Food, Inc.",2008
127606,The Hustler,1961
127628,Strange Magic,2015
127671,The Bomb,
127673,Paranormal Activity,2007
127674,The Seventh Sign,1988
127675,Towelhead,2007
127676,The Birds,1963
127677,The Chronicles of Riddick,
127707,Teen Beach Movie,
127710,Out of the Furnace,2013
127728,Quigley Down Under,1990
127729,Annabelle's Affairs,1931
127759,Descent,2005
127795,In Bruges,2008
127845,The Lost World,1998
127875,Merlin and the War of the Dragons,2008
127901,The Passover Plot,1976
127908,To the Bone,
127914,Extremely Loud and Incredibly Close,2011
127919,Home,2015
127949,Ip Man 3,
127982,Robots,2005
127987,Drop Dead Fred,1991
127996,Rock-a-Doodle,1991
128042,Girls Will Be Girls,2003
128044,Night of Terror,1933
128053,The Letter,2012
128059,Cannibal Holocaust,1980
128100,Immortally Yours,2009
128113,Imagine Me & You,2005
128161,The Kids Are All Right,
128167,Legally Blonde,2001
128185,The Manchurian Candidate,1962
128187,White Bird in a Blizzard,2014
128188,Creed,2015
128286,Ju-On: The Grudge,2002
128315,Anneliese: The Exorcist Tapes,2011
128325,Playing with Good Children,1994
128361,The Core,2003
128385,Enigma,2009
128400,Phone Booth,2002
128434,101 Dalmatians,1996
128437,Jaws 3-D,1983
128454,Mallrats,1995
128487,Camelot,1967
128548,Who's Afraid of Virginia Woolf%3F,1966
128580,A Night in Casablanca,1946
128587,Swingers,1996
128598,Contracted,2013
128607,The Green Hornet,2011
128634,The Shallows,2016
128661,Black Mask,1996
128682,Because I Said So,2007
128686,Family Weekend,2013
128699,The Bourne Identity,
128726,The Boondock Saints,1999
128757,The Dark Half,1993
128761,A Fistful of Dollars,1964
128782,The Little Mermaid,1989
128786,Angels & Demons,2009
128841,First Position,2011
128853,Moving Violations,1985
128862,Nutcracker,1982
128905,From Dusk till Dawn,1996
128919,Hairspray,1988
128925,The Nutty Professor,1963
128936,Magic Mike XXL,2015
128938,Happy Accidents,2000
128994,Letters to God,2010
129006,Suddenly,2013
129025,Inherent Vice,2014
129032,Orgasmo,1969
129036,Transformers,2007
129037,Apollo 13,1995
129079,Born in China,
129110,Lady Vengeance,2005
129114,Get Real,1998
129124,Dreamgirls,2006
129131,High Freakquency,1998
129134,Les Diaboliques,1955
129140,Star Trek IV: The Voyage Home,1986
129144,Anything Else,2003
129187,Tangled Ever After,
129215,Mask,1985
129237,Sleepaway Camp,1983
129239,Elf-Man,2012
129241,"Love, Wedding, Marriage",2011
129310,Waiting for Guffman,1997
129327,Kush,2007
129328,The Grace Card,2010
129362,Geostorm,2017
129390,Malèna,2000
129416,The Fault in Our Stars,2014
129433,Django,1966
129435,Foul Play,1977
129463,Death Watch,1980
129479,Labor Pains,
129492,Mystery Science Theater 3000: The Movie,1996
129498,Wall Street: Money Never Sleeps,2010
129530,Catwoman,2004
129531,The Office Party,1976
129587,Born Free,1966
129596,Scary Movie 4,2006
129614,Lipsett Diaries,2010
129676,Atonement,2007
129679,Leaving Las Vegas,1995
129717,Burnt Offerings,1976
129735,Shakes the Clown,1991
129751,Unforgiven,1992
129805,The Three Musketeers,1986
129826,The People Under the Stairs,1991
129832,Gone with the Wind,1939
129833,Dragon Ball Z: Battle of Gods,
129873,The Last Five Years,2014
129907,The Men Who Stare at Goats,2009
129933,88 Minutes,2007
129935,Something to Talk About,1995
129966,Primer,2004
129992,The Bourne Legacy,2012
129997,Scream 2,1997
130011,Man of the West,1958
130017,MacGruber,2010
130042,Maze Runner: The Scorch Trials,2015
130044,See No Evil,1971
130057,The Final Girls,2015
130080,Lara Croft Tomb Raider: The Cradle of Life,2003
130081,Snitch,2013
130136,Sword Master,2016
130150,Tinker Ticker,2013
130158,The Little Prince,2015
130184,Death at a Funeral,2010
130199,Good Neighbors,2010
130203,RV,2006
130234,Hostel,2005
130244,Scarface,1932
130260,Marvel One-Shots,
130278,Deliver Us from Eva,2003
130287,The King of Kong,2007
130347,Dark City,1998
130376,Transformers,
130379,Richie Rich,1994
130420,Better Off Dead,1985
130435,Girlfriend's Day,2017
130447,Master of the Flying Guillotine,1976
130449,Anth,1994
130459,The Master of Disguise,2002
130469,Austin Powers: The Spy Who Shagged Me,1999
130471,Sir! No Sir!,2005
130523,Invincible,2006
130536,Hee Man: Master of None,1985
130556,Pollyanna,1960
130561,The War of the Worlds,1953
130573,Queen,2013
130588,Never Back Down 2: The Beatdown,2011
130589,Disturbing Behavior,1998
130591,Friday the 13th,1980
130625,Blue Planet,1990
130660,The Quiet Man,1952
130686,The Apple,1980
130771,"Definitely, Maybe",2008
130782,The NeverEnding Story,
130811,Blue Is the Warmest Colour,2013
130868,Where the Wild Things Are,2009
130870,Mike and Dave Need Wedding Dates,2016
130891,The Day After Tomorrow,2004
130925,Submarine,2010
130985,Blackthorn,
131009,Tezz,2012
131022,Rabbits,2002
131023,An Unfinished Life,2005
131032,Raising Helen,2004
131060,Open Your Eyes,1997
131077,"Here Comes the Bride, My Mom!",2010
131147,Saving Mr. Banks,2013
131154,Stitches,2011
131178,The Others,2001
131209,The Lords of Salem,2012
131226,My Life in Ruins,2009
131232,Flight,2009
131244,Sisters,2015
131272,Runaway Jury,2003
131281,Philadelphia Experiment II,1993
131291,40 Days and Nights,2012
131311,Train of Life,1998
131313,The Maze Runner,2014
131314,Dark Side of the Moon,
131328,Arthur Christmas,2011
131382,Hellraiser,1987
131402,A Troll in Central Park,
131411,A Perfect Getaway,2009
131471,Scooby-Doo! Stage Fright,2013
131551,The Adventures of Robin Hood,1938
131577,A Tale of Two Sisters,2003
131630,Kong: Skull Island,2017
131730,"Me, Myself & Irene",2000
131736,Monkey Kingdom,2015
131811,Ask the Dust,2006
131816,The Best Years of Our Lives,1946
131830,This Means War,2012
131832,A Walk in the Clouds,1995
131856,Wind in the Willows,1988
131863,The Family,1987
131869,Despicable Me 3,2017
131878,Princess,2008
131908,Holiday,2006
131921,Jane Got a Gun,2016
131948,My Best Friend's Girl,2008
131976,Picnic at Hanging Rock,1975
132013,Chernobyl Diaries,2012
132025,Thomas & Friends: The Great Race,2016
132040,Ondine,2009
132051,Away We Go,2009
132103,Witness,1985
132107,The Island,2005
132110,Superman,1948
132115,Fearless,1978
132127,"Sarah, Plain and Tall",
132148,MirrorMask,2004
132178,Einstein Girl,2005
132182,The Wonderful Wizard of Oz,1975
132189,Transformers: Dark of the Moon,
132215,Kill the Irishman,
132232,Wannabe,2005
132254,The Bounty Hunter,2010
132255,The Materassi Sisters,
132291,The Game,1997
132319,A Taste of Honey,1961
132343,Halloween H20: 20 Years Later,1998
132385,Tales from the Hood,1995
132441,Red State,2006
132447,Princess Protection Program,
132457,Debbie Does Dallas,1978
132480,If Looks Could Kill,1991
132481,Batman,
132482,Psycho,2013
132499,Racing Stripes,2005
132501,Licence to Kill,1989
132506,It Follows,2014
132536,Unstoppable,2010
132562,The Last House on the Left,1972
132610,Everybody's Fine,2009
132624,Poolhall Junkies,2002
132669,Just Married,
132674,The Change-Up,2011
132711,Star Trek II: The Wrath of Khan,1982
132725,Runaway Bride,1999
132728,When Harry Met Sally...,1989
132736,The Long Walk Home,1990
132752,It Happened at the World's Fair,1963
132761,Blitz,2011
132777,Sukiyaki Western Django,2007
132798,Wizards,1977
132799,Dog Days,2001
132803,Mulholland Drive,2001
132804,Valentine's Day,2010
132823,Porky's Revenge!,1985
132851,The Last Dragon,2004
132865,Jump Tomorrow,2001
132885,Gravity,2013
132893,The Ten Commandments,2007
132922,A Raisin in the Sun,2008
132946,New Town Killers,2008
132965,1984,1956
132973,Miss Congeniality,2000
132992,Los Bandoleros,
133032,Walt Before Mickey,2015
133035,The Woman in Black,2012
133059,A Woman Scorned,1911
133061,The Last Exorcism Part II,2013
133065,Just Cause,1995
133092,The Heartbreak Kid,2007
133128,22 Jump Street,2014
133138,Evangelion: 2.0 You Can  Advance,
133183,Ernest & Celestine,2012
133232,The Hangover Part II,2011
133236,X-Men: Apocalypse,2016
133249,Up,2009
133251,The 'Burbs,1989
133269,"Dude, Where's My Car%3F",2000
133273,Little Giants,1994
133284,Commando,1988
133316,The Crazies,2010
133356,Josie and the Pussycats,2001
133377,Go,2007
133381,The Juror,1996
133394,Family,2006
133410,Daybreakers,2009
133415,Gone in 60 Seconds,1974
133418,Home Alone 3,1997
133420,Super 8,2011
133426,The Raven,2012
133444,The Original Kings of Comedy,2000
133449,Abbott and Costello Go to Mars,1953
133464,Kindergarten Cop 2,2016
133468,Cry Wolf,2005
133489,Dream House,2011
133560,The Adventures of Milo and Otis,1986
133576,Omar,2013
133608,The Lion King 1½,2004
133620,Be Cool,2005
133626,Stargate: The Ark of Truth,2008
133627,Flywheel,2003
133669,Behind the Mask: The Rise of Leslie Vernon,2006
133776,Justice League Dark,
133777,Extracted,2012
133813,Anchorman: The Legend of Ron Burgundy,2004
133842,Son of Aladdin,2003
133863,From Justin to Kelly,2003
133888,The Visit,2015
133916,Hustle & Flow,2005
133937,Planet Earth,1974
133983,"Honey, I Shrunk the Kids",
133997,Sweeney Todd: The Demon Barber of Fleet Street,
134016,Day of the Dead,2008
134023,Nightbreed,1990
134032,Sweet Home Alabama,2002
134064,Lars and the Real Girl,2007
134101,The Wizard of Oz,1939
134105,The Passion of the Christ,2004
134106,The Dark Knight,2008
134132,Horrorween,2010
134143,The Insomniac,2009
134157,Smokey and the Bandit,1977
134187,The Rainmaker,1997
134195,Dracula's Daughter,1936
134231,Open House,2010
134239,When a Stranger Calls,2006
134288,Drop Dead Darling,1966
134316,Naked,2013
134321,Safety Not Guaranteed,2012
134328,Cutthroat Island,1995
134346,Candyman: Farewell to the Flesh,1995
134347,Far from Home,1989
134355,Battleship,2012
134366,Neon Genesis Evangelion: Death & Rebirth,
134380,"To Sir, with Love",2006
134390,Suburbicon,
134406,Mistaken Orders,1925
134461,Paddington,2014
134489,Land of Mine,2015
134503,Dead Man,1995
134532,James Bond,1999
134538,Solaris,1972
134550,Footloose,2011
134611,Winnie the Pooh,2011
134617,Beverly Hills Cop II,1987
134628,The Space Between Us,2016
134633,Sherlock Holmes,2009
134643,American Pie,1999
134674,Mr. Bond,1992
134697,Wonder Women! The Untold Story of American Superheroines,2012
134714,Defendor,2009
134719,About Time,2013
134726,Edge of Tomorrow,2014
134760,The Book of Life,2014
134778,Step Up,
134823,Taken,
134837,Face-Off,1971
134843,Meet Joe Black,1998
134885,The Hunger Games,2012
134897,Justice League: Doom,
134943,Uncle Brian,2010
134950,Harry Brown,2009
134966,Return to Me,2000
134969,Teenage Mutant Ninja Turtles II: The Secret of the Ooze,1991
134981,Billy Budd,1962
134982,THX 1138,1971
135025,Supergirl,1973
135042,Ice Castles,1978
135060,Couples Retreat,
135084,The Stepford Wives,2004
135090,While You Were Sleeping,1995
135093,The Beach,2000
135121,Debbie Does Dallas ... Again,
135142,Up Denali 3D,2003
135151,Three Men and a Baby,1987
135168,Remains,2011
135180,Alice in Wonderland,1976
135188,Amazon Women on the Moon,1987
135196,Ju-On: The Curse,2000
135201,Chasing Mavericks,2012
135211,Undisputed III: Redemption,
135250,Mulan,1998
135278,Native Son,1951
135279,Pitch Black,2000
135305,The Rescuers,
135307,The Uninvited,2009
135388,The Munsters' Scary Little Christmas,
135396,Beauty and the Beast: The Enchanted Christmas,1997
135444,Twitches,
135472,"Laugh It Up, Fuzzball: The Family Guy Trilogy",
135485,Back to the Future,1985
135504,Sesame Street Presents Follow That Bird,1985
135508,The Babadook,2014
135538,The Deer Hunt,1972
135553,Ichi,2008
135571,The Hangover,2009
135580,Landline,
135623,Blood In Blood Out,1993
135634,Frida,2002
135640,Executive Decision,1996
135643,Walking with Dinosaurs,2013
135652,Burnt,2015
135655,The Black Dahlia,2006
135665,I Am the Pretty Thing That Lives in the House,2016
135678,Jingle All the Way 2,2014
135743,Game,2003
135788,How to Lose Your Virginity,2013
135789,Trainwreck,2015
135790,Battlestar Galactica: The Plan,
135799,Raising Arizona,1987
135834,The Hunter,2011
135838,Immortal Combat,1994
135849,Honest Man: The Life of R. Budd Dwyer,2010
135858,Tequila Sunrise,1988
135895,Little Man,2006
135902,Mannequin,1987
135927,Freddy Frogface,2011
135943,Billy Liar,1963
135973,Army of Darkness,1992
136000,"Monsters, Inc.",2001
136010,Fun Mom Dinner,
136013,Waltz with Bashir,2008
136074,The Incredible Shrinking Woman,1981
136087,Hangover,2014
136122,Bourne,
136160,Europe '51,1952
136185,Meet the Parents,1992
136190,Monster,1980
136195,Tap,1989
136234,King of the Hill,1993
136289,Fantastic Four,2015
136293,Trojan War,1997
136321,Freddy's Dead: The Final Nightmare,1991
136369,Gone Baby Gone,2007
136418,The Way We Were,1973
136433,Sinbad: Legend of the Seven Seas,2003
136439,Diablo,2015
136459,Raavan,
136463,Interview with the Vampire,1994
136484,Martín,1997
136552,The Jewel of the Nile,1985
136574,Apartment 1303,2007
136586,X-Men,
136595,The Young Guns,1956
136614,Nightwalking,2008
136632,Spider-Man: Homecoming,2017
136636,Evil Dead,2013
136650,Renoir,2012
136690,The Adventures of Pluto Nash,2002
136731,All Is Lost,2013
136746,Tekken,2009
136789,The Scorpion King,2002
136808,To Kill a Mockingbird,1962
136810,Passenger 57,1992
136831,Crimson Tide,1995
136836,Gremlins 2: The New Batch,1990
136849,Confessions of a Dangerous Mind,2002
136861,City Slickers,1991
136877,300,2007
136892,Vacation,2005
136912,Adventures of Mowgli,
136913,The Nun's Story,1959
136974,2,1980
136983,Ghostbusters,1984
136988,No Way Out,1987
137023,Divergent,2014
137067,A Night to Remember,1958
137129,The Pelican Brief,1993
137143,Appleseed Ex Machina,
137144,Heat,2006
137162,Psycho III,1986
137186,Don't Be a Menace to South Central While Drinking Your Juice in the Hood,1996
137195,A Patch of Blue,1965
137254,Saving Silverman,2001
137260,Quo Vadis,1951
137293,Running Scared,2006
137303,Red,2008
137310,Jungle Book,1942
137312,Santa,1932
137354,Spider-Man 2,2004
137358,Tokusou Sentai Dekaranger The Movie: Full Blast Action,2004
137424,Before Midnight,2013
137425,Money,1993
137463,Earth,2007
137465,La Vie en rose,2007
137503,Jaws: The Revenge,1987
137507,Soul Plane,2004
137510,What to Expect When You're Expecting,2012
137513,Final Destination,
137522,Little Darlings,1980
137533,The Revenant,2009
137537,Hoot,2006
137563,"I, Zombie",1998
137615,Fast & Furious 6,2013
137641,D3: The Mighty Ducks,1996
137649,Highlander III: The Sorcerer,1994
137661,War of the Arrows,2011
137667,Romance,1920
137669,Pirates of the Caribbean: On Stranger Tides,2011
137674,The Book Thief,2013
137703,The Killing Fields,1984
137726,Knifer,2010
137731,My Little Pony: Equestria Girls – Rainbow Rocks,2014
137758,Just Wright,2010
137774,Kung Fu Yoga,2017
137778,Louis and the Nazis,
137804,Vampire Hunter D: Bloodlust,2001
137813,How to Talk to Girls at Parties,
137817,The Incredible Hulk Returns,
137821,Warcraft,2016
137828,Swades,2004
137838,Chef,2014
137842,El Mariachi,1992
137860,Cinderella,1947
137861,Swiss Army Man,2016
137887,The Expendables,2010
137893,Blacktop,2000
137927,Fame,2009
137955,Amityville Death House,2015
137985,Hell or High Water,2016
137991,Alien Nation,1988
137996,Hercules,1997
138042,Lemmy,2010
138071,Dark Water,2005
138080,Dead Calm,1989
138081,Date Night,2010
138094,Jupiter Ascending,2015
138134,Raw Deal,1986
138141,The Wolverine,2013
138171,Police Story,1985
138175,Andre,1994
138185,King Corn,2007
138213,Drinking Buddies,2013
138233,Miss Congeniality 2: Armed and Fabulous,2005
138241,Days of Thunder,1990
138247,Bruce Lee and I,1976
138248,Sud,1993
138268,Bates Motel,
138269,Can't Buy Me Love,1987
138284,The Lawnmower Man,1992
138311,Life,2017
138341,Support Your Local Sheriff!,1969
138354,Double Indemnity,
138356,My Friend Dahmer,
138430,The Sandlot: Heading Home,2007
138451,The Soloist,2009
138452,The Professionals,1966
138468,Archie: To Riverdale and Back Again,1990
138482,Cars 3,2017
138523,Roll Bounce,2005
138525,The Spirit,2008
138527,Some Kind of Wonderful,1987
138540,One Hundred and One Dalmatians,1961
138546,No Reservations,2007
138551,Treasure Island,1999
138571,Spider-Man Strikes Back,1978
138584,House,1986
138614,Toy Story 4,2018
138615,Lawrence of Arabia,1962
138625,47 Ronin,2013
138656,Madeline,1998
138715,The Vanishing,1988
138755,The Last: Naruto the Movie,2014
138758,The 5th Wave,2016
138767,Chappie,2015
138780,Easy A,2010
138851,How to Succeed in Business Without Really Trying,
138873,Cobra,1991
138874,He Knows You're Alone,1980
138881,Tooth Fairy,2004
138888,Between Us,2016
138913,Olympus Has Fallen,2013
138932,The Game,2010
138956,Wait Until Dark,1967
138962,Bad Moms,2016
138974,Live Free or Die,2000
139048,The Girl on the Train,2016
139076,Sleeping Beauty,2011
139099,The Hunted,2013
139122,Rob Roy,1995
139140,Captain America,
139143,Our Brand Is Crisis,2015
139150,Coneheads,1993
139186,Test,2013
139187,Return of the Man from U.N.C.L.E.,
139192,Otis,2008
139199,Sabrina,1995
139205,The Boy,2016
139321,The Walking Dead,1995
139322,Captain Blood,1960
139333,Anger Management,2003
139354,Paycheck,2003
139366,Monty Python's The Meaning of Life,1983
139379,Frankenweenie,2012
139391,Joe Maddison's War,
139400,Scooby-Doo,2002
139411,The Pool Boys,2011
139419,Shall We Dance%3F,1996
139492,The Rock,1996
139510,Tarzan,2013
139517,That Darn Cat,1997
139525,This Is Elvis,1981
139584,The Big Green,1995
139597,Blast from the Past,1999
139642,The Search for Santa Paws,2010
139655,Wreckers,2011
139688,FernGully: The Last Rainforest,
139730,Solace,2015
139776,Commando 2,2017
139786,Venmegam,2014
139788,Capote,2005
139804,Same Kind of Different as Me,2017
139824,Saved by the Belle,1939
139839,The Royal Tenenbaums,2001
139873,Letters from Iwo Jima,2006
139878,Terminator 2: Judgment Day,1991
139903,The Emoji Movie,2017
139908,Slow West,2015
139913,Ghost in the Shell 2: Innocence,
139923,Def Jam's How to Be a Player,1997
139942,Life as a House,2001
139959,Mortal Thoughts,1991
139961,Miami Connection,1987
139964,Sex and the City,2008
139971,Crazy Heart,2009
139977,Love Field,1992
139983,Black Stallion,2010
139997,The Hunters,1996
140009,John Carter,2012
140051,Erased,2016
140066,Bridesmaids,2011
140113,Downsizing,2017
140122,Reservoir Dogs,1992
140167,The Dancer,2016
140231,Forbidden Planet,1956
140239,Too Late,
140265,Heartbreak Ridge,1986
140291,Cashback,2006
140297,The Street Fighter,1974
140316,2046,2004
140317,About Last Night,1986
140335,Knocked Up,2007
140336,Commando,1985
140357,Moonrise Kingdom,2012
140394,The Best Offer,2013
140395,The Matrix,
140418,The Wild Stallion,2009
140424,Sleeper,2005
140476,Suicide Squad,2016
140485,The Seeker,2007
140495,Little Monsters,1989
140498,Risky Business,1983
140511,Six Acts,2012
140536,Blood Simple,1984
140537,Sense and Sensibility,1995
140550,True Crime,1999
140589,Journey's End,1930
140611,Love Story,
140623,Exit Through the Gift Shop,2010
140651,Milk,2008
140694,I Believe in Unicorns,2014
140696,Walk the Line,2005
140698,The Tourist,1987
140704,The Great Escape,1963
140716,Funny Farm,1988
140730,Lady and the Tramp,
140749,Moana,2016
140750,Rudy,1993
140771,The Da Vinci Code,2006
140796,Dawn of the Planet of the Apes,2014
140823,Shreck,1990
140825,Shutter,2008
140849,I Still Know What You Did Last Summer,1998
140859,The Nightmare,2015
140861,The Mermaid,2016
140876,Belle,2013
140885,The Fighting American,1924
140889,Like Water for Chocolate,1992
140895,Romance,1986
140897,Professor Marston & The Wonder Women,
140939,Legend of the Guardians: The Owls of Ga'Hoole,2010
140958,Cowboy,2013
140973,Aladdin,
140986,Romeo and Juliet,1968
140998,Failure to Launch,2006
141002,Woody Woodpecker,2017
141019,Conan the Destroyer,1984
141034,Remember,2015
141045,Snatch,2000
141085,Lionheart,1987
141098,A League of Their Own,1992
141101,The Thing,1982
141107,The Basketball Diaries,1995
141131,Gone with the Wind,2005
141138,Me and Earl and the Dying Girl,2015
141169,Star Trek Generations,1994
141191,The Infinite Man,2014
141210,The Blind Side,2009
141214,In Dreams,1999
141222,Summer Wars,
141261,Sharknado,
141282,A Monster Calls,2016
141309,A Moment to Remember,2004
141334,In Her Shoes,2005
141337,The Princess Diaries 2: Royal Engagement,2004
141341,La Totale!,1991
141371,Mickey's Racing Adventure,
141432,La Haine,1995
141438,Captain Ron,1992
141458,Friday the 13th,2009
141482,DodgeBall: A True Underdog Story,2004
141509,City of God,2011
141524,Neighbors,2014
141552,Red Sundown,1956
141566,Click,2010
141571,Charlotte's Web,1973
141576,20th Century Women,2016
141578,The Usual Suspects,1995
141614,The Bye Bye Man,2017
141620,The Count of Monte Cristo,2002
141648,Salt,2010
141688,A Nightmare on Elm Street 3: Dream Warriors,1987
141732,Zoolander,2001
141745,Cadillac Man,1990
141770,Vertical Limit,2000
141776,WALL-E,
141788,Fast & Furious,2009
141885,In a Lonely Place,1950
141917,The Hundred-Foot Journey,2014
141928,Talladega Nights: The Ballad of Ricky Bobby,2006
141963,Evil Dead,
141964,My Left Foot,1989
141989,Dark Tide,2012
141996,Jarhead,2005
142001,Flowers in the Attic,1987
142069,Vacation,2015
142099,God's Not Dead,2014
142122,Spaceman,2016
142168,Anaconda 3: Offspring,2008
142186,Iron Man 3,
142205,The Last of the Mohicans,1992
142240,"Planes, Trains and Eric",
142253,Mommie Dearest,1981
142272,How She Move,2007
142321,Blue Crush,2002
142345,Marvin's Room,1996
142356,Species II,1998
142376,The Snowman,2017
142401,Supersonic Man,1979
142436,Evita,2008
142484,Scream 3,2000
142493,Senseless,1998
142495,Train,2008
142524,The Boondock Saints II: All Saints Day,2009
142531,Honky,1971
142554,Loving Vincent,
142561,Strange Brew,1983
142573,Love Actually,2003
142603,The Craft,1996
142617,Saved!,2004
142648,Premism,2010
142664,The Texas Chainsaw Massacre 2,1986
142684,The Christmas Carol,
142710,Cosmos,2015
142741,Nancy Drew,2007
142758,Breathe In,2013
142759,Walk the Talk,2001
142775,White Mischief,1987
142791,Pixels,2015
142800,Maya the Bee,2014
142817,Broadcast News,1987
142823,The Revenant,2015
142850,The Young Victoria,2009
142860,The Big House,1930
142880,King of Kings,1961
142890,XXX,2016
142895,The Other Woman,2014
142910,The Other Guys,2010
142933,Mr. & Mrs. Smith,2005
143020,Forever Young,1992
143054,Faces in the Crowd,2011
143062,Child's Play,1988
143141,An American Tail: Fievel Goes West,1991
143142,"Ladybird, Ladybird",1994
143144,The Measure of All Things,2014
143189,Star Wars: Episode II – Attack of the Clones,2002
143194,The Philadelphia Story,1940
143198,Goodfellas,1990
143206,Batman: The Dark Knight Returns,
143219,The Towering Inferno,1974
143220,Dr. Strange,
143239,To Die Is Hard,2010
143253,The Family,2013
143259,Yes Man,2008
143261,The Do-Over,2016
143308,Eight Below,2006
143378,Friend Request,
143388,Leo the Lion: King of the Jungle,1994
143404,Against All Odds,1984
143412,The Hobbit,1985
143433,Ong Bak 2,2008
143452,The Butterfly Effect,2004
143455,Pina,2011
143463,Deepwater Horizon,2016
143583,Real Genius,1985
143617,Wrong Turn 6: Last Resort,2014
143618,Undisputed,2002
143623,Clueless,1995
143653,Ida,2013
143668,Rampage: President Down,2016
143696,Bad Education,2004
143789,Sneakers,1992
143859,The House Bunny,2008
143905,The Ritual,2009
143946,Ninja Kids!!!,2011
143955,The Hunchback of Notre Dame,1996
143958,Romy and Michele: In the Beginning,
143978,Now You See Me 2,2016
143994,Scary Movie 2,2001
144066,Knock Knock,2015
144079,Beverly Hills Chihuahua,2008
144116,Clip,2012
144120,The Death and Life of Bobby Z,2007
144160,Living Out Loud,1998
144167,Nerve,2016
144178,Very Bad Things,1998
144182,The Golden Child,1986
144218,The Walk,2015
144263,Suspiria,1977
144298,When in Rome,2010
144313,American Assassin,
144335,Their Finest,2016
144347,Taken,2008
144386,The Arrival,1996
144427,The Wailing,2016
144433,Kids,1995
144468,Willow,1988
144481,Deception,2008
144550,True Lies,1994
144557,Western Cyclone,1943
144558,Gravy,2015
144621,50,2011
144628,2 Fast 2 Furious,2003
144669,Snakes on a Train,
144701,Tron,1982
144711,The Omen,2006
144716,Popcorn,1991
144726,Your Name,2016
144730,Camp Rock,
144752,The Blair Bitch Project,1999
144779,Annabelle 2,2017
144795,Mission: Impossible III,2006
144803,Hachi: A Dog's Tale,2009
144811,Fast 8,
144819,The American,2010
144842,The Secret Life of Walter Mitty,2013
144848,Crocodile Dundee in Los Angeles,2001
144872,Sunshine,2007
144894,The Midnight Meat Train,2008
144901,Made of Honor,2008
144911,Masterminds,1997
144938,Sympathy for Mr. Vengeance,2002
144959,The Expendables,1989
144965,Apartment 143,2012
144978,Mickey's Once Upon a Christmas,
144999,BURN-E,2008
145004,Little England,
145016,Patriots Day,2016
145017,The Wizard of Oz,1925
145161,New World,2013
145175,Struck by Lightning,2012
145178,Eldorado,1995
145204,Caligula,1979
145212,Eddie,1996
145232,Great Expectations,1946
145240,Starsky & Hutch,2004
145249,A Man Apart,2003
145268,Kedi,2010
145275,End of Days,1999
145291,Entourage,2015
145307,Do the Right Thing,
145313,You Only Live Twice,1967
145338,Philadelphia,1993
145365,Oldboy,2013
145405,Cheech & Chong's Animated Movie,2013
145434,Shrek Forever After,2010
145455,Twilight Zone: The Movie,1983
145456,Enter Another Dragon,1981
145463,Avatar,2004
145470,Star Trek Beyond,2016
145475,Postcards from the Edge,1990
145479,Benji the Hunted,1987
145484,Jane,1915
145485,The Deep End of the Ocean,1999
145492,The Rookie,2002
145496,The Silence of the Hams,1994
145527,Twelve Disciples of Nelson Mandela,2005
145559,Garfield: The Movie,2004
145588,The Dawns Here Are Quiet,1972
145602,Conception,2011
145693,Solomon and Sheba,1959
145698,Ring of Fire,1991
145723,The Foreigner,2016
145728,Barry Lyndon,1975
145744,Black Christmas,2006
145814,Jackass Number Two,2006
145830,Zero Effect,1998
145855,The Beast and the Beauty,2005
145868,3 Ninjas,1992
145875,Switch,2013
145883,True Blood,
145905,Vampire Academy,2014
145925,Carrie,2013
145926,W.E.,2011
145954,The Dentist,1996
145959,King Solomon's Mines,1985
145988,Sleeping with the Enemy,1991
145997,Chicago,2002
146012,House on Haunted Hill,1999
146021,Hansel & Gretel,2013
146022,African Cats,2011
146025,The Polka King,
146058,Mr. 3000,2004
146069,Bad Girls,2012
146107,The Pajama Game,1957
146112,Someone like You,2001
146166,Superman vs. The Elite,
146188,The Machinist,2004
146189,Passengers,2008
146199,Born on the Fourth of July,1989
146201,Seems Like Old Times,1980
146205,American Made,2017
146224,Singin' in the Rain,1952
146231,Rio 2,2014
146251,The Fugitive,2003
146282,Jarhead 3: The Siege,
146297,Smiley Face,2007
146309,The Remains of the Day,1993
146366,Superman,1997
146413,Julia and Julia,1987
146418,Gone,2012
146463,Jackie Brown,1997
146474,Killa,2015
146475,Wanted,2008
146478,Friends,2009
146481,National Lampoon's Vacation,1983
146486,Ghosts,1915
146496,The Longest Day,1962
146555,Brazil,1985
146581,Dracula Untold,2014
146584,The Boy Next Door,2015
146618,A Midsummer Night's Dream,1999
146640,Prisoners,2013
146670,A Marvel Comics Super Special: Blade Runner,
146699,The Asphalt Jungle,1950
146701,Mother's Day,2016
146716,A Game of Thrones,
146723,Attakathi,2012
146740,Goodbye Again,1933
146741,Curse of Chucky,2013
146761,The Wave,2015
146767,Halloween II,2009
146771,Memento,2000
146794,Center Stage,2000
146830,The Big Boss,1971
146845,Pocahontas,1994
146870,Pitch Perfect,
146872,Eagle Eye,2008
146877,Side Effects,2013
146904,D,2005
146906,To Live and Die in L.A.,1985
146941,The Outlaw Josey Wales,1976
146948,The Eyes of My Mother,2016
146955,Martyrs,2016
146962,Gladiator,1992
146980,Dead End,2003
146984,Talhotblond,2009
146986,Meet the Robinsons,2007
147007,Cyrus: Mind of a Serial Killer,2010
147038,Garfield: A Tail of Two Kitties,2006
147047,Midway,1976
147143,Under Siege,1992
147165,Just like Heaven,2005
147204,Tusk,2014
147221,War,2014
147237,McLintock!,1963
147246,Airport 1975,1974
147250,Coming to America,1988
147260,Going the Distance,2010
147271,Tears of the Sun,2003
147279,Monster-in-Law,2005
147314,Bill & Ted's Excellent Adventure,1989
147359,"History of the World, Part I",1981
147363,Leatherface: The Texas Chainsaw Massacre III,1990
147404,The Hunted,1995
147414,Return of the Killer Tomatoes,1988
147424,The Burglar,1972
147432,Ijé,2010
147538,I Love You to Death,1990
147539,Riddick,2013
147565,Easy Rider,1969
147598,Indiana Jones and the Kingdom of the Crystal Skull,2008
147602,The Mysterious Monsters,1976
147610,The Bridges of Madison County,1995
147669,American Beauty,1999
147734,War Machine,
147766,Mad Max 2,1981
147821,All About Steve,2009
147826,Gangs of New York,2002
147842,Leprechaun: Origins,2014
147869,Drive Angry,
147901,Code of Silence,1985
147910,Hot Shots! Part Deux,1993
147923,The Strongest Man in the World,1975
147934,Blade Runner,1982
147941,The Burning,1981
147958,The Spiderwick Chronicles,2008
147970,American Hustle,2013
147979,Weirdsville,2007
147995,Best in Show,2000
147997,Premonition,2006
148016,Victoria,2015
148053,It's Pat,1995
148073,Three to Tango,1999
148114,Rosemary's Baby,1968
148120,Old School,2003
148135,Midnight Madness,1980
148173,Gold,2016
148182,Ghost Rider: Spirit of Vengeance,2012
148192,Manhunt: The Search for Bin Laden,2013
148201,Love Actually... Sucks!,2011
148213,Addams Family Values,1993
148222,The Human Centipede,2009
148231,Jurassic Park,1993
148243,Mr Bones,2001
148245,Edward Scissorhands,1990
148286,All the Way,
148291,On the Town,1949
148361,Ghosts of Girlfriends Past,2009
148384,Hugo,2011
148389,The Dark Knight Rises,2012
148427,Since Pearl Harbor,1943
148430,The Descendants,2011
148448,Life and Debt,2001
148464,The Take,2007
148477,The Blues Brothers,1980
148501,Dial M for Murder,1954
148505,Spy,2015
148527,Almost Famous,2000
148555,Persuasion,2007
148564,Audition,1999
148572,The Secret Garden,1993
148590,Holding the Man,2015
148625,The Punisher,1989
148629,Guarding Tess,1994
148671,My Girl,1991
148674,Capturing the Friedmans,2003
148678,Hoodlum,1997
148716,Dennis the Menace,1993
148743,Reel Horror,1985
148755,The Chosen,2016
148764,Shane,1953
148773,Bolt,2008
148774,When the Bough Breaks,2016
148780,Cat on a Hot Tin Roof,1958
148785,The True Nature of Bernadette,1972
148808,Forgetting the Girl,2012
148810,Out of Africa,1985
148821,The Intouchables,2011
148831,Guess Who,2005
148871,Armageddon,1997
148904,John Wick,2014
148947,Down to Earth,2001
148968,High Sierra,1941
148976,Morgan,2016
148994,The Rundown,2003
149004,The Ugly Dachshund,1966
149022,The Quiet,2005
149027,See No Evil,2006
149101,Wings of Fame,1990
149109,The Manchurian Candidate,2004
149122,Strangers,2007
149136,Godzilla,2017
149205,The Lives of Others,2006
149216,The Purge,
149241,Foo Fighters: Back and Forth,
149245,The Fox and the Hound,
149249,The Enchanted,
149260,Good Luck Chuck,2007
149273,Man on Fire,2004
149291,"The Lion, the Witch and the Wardrobe",
149313,Moby Dick,2010
149348,The Mummy,1999
149363,The Elephant Man,1982
149389,Kevin Hart: Laugh at My Pain,2011
149402,Hot Rod,2007
149457,Bob Fleming... Mission Casablanca,1966
149460,White Lady,2006
149514,Friday,
149519,Prometheus,2012
149543,Life of the Party,2018
149563,The Matador,2008
149569,Tiger Zinda Hai,2017
149627,Blues Brothers 2000,1998
149720,A Beautiful Mind,2001
149723,Enron: The Smartest Guys in the Room,2005
149737,The Zookeeper's Wife,2017
149746,Jimi: All Is by My Side,2013
149748,Hansel & Gretel: Witch Hunters,2013
149788,The Bucket List,2007
149793,In the Loop,2009
149801,One Water,2008
149829,The Lego Batman Movie,2017
149837,Jesus Christ Superstar,1973
149843,Mr. Nobody,2009
149885,The Indian in the Cupboard,1995
149902,The League of Extraordinary Gentlemen,2003
149908,P2,2007
149911,Major League II,1994
149916,Bernie,2011
149919,Exorcist: The Beginning,2004
149938,The Ringer,2005
149964,Wimbledon,2004
150037,Nikita,1990
150050,Transformers: Dark of the Moon,2011
150083,Hanover Street,1979
150126,Paranormal Activity: The Ghost Dimension,2015
150134,Fast Five,2011
150138,Waiting,2015
150142,Capricorn One,1977
150172,Mahogany,1975
150177,Fled,1996
150179,Withnail and I,1987
150196,Baggage Claim,2013
150197,The Outlaws,1950
150218,The Muppet Movie,1979
150247,Resident Evil: Apocalypse,2004
150256,The Rugrats Movie,1998
150305,Just Married,2007
150313,Too Big to Fail,
150318,Lincoln,2012
150331,Bonnie and Clyde,1967
150352,Jason X,2001
150359,Cinema Paradiso,1988
150373,Lone Wolf and Cub: Sword of Vengeance,1972
150376,Benny & Joon,1993
150400,Alien vs. Predator,2004
150421,Sherlock Holmes,2010
150425,Monster a Go-Go,1965
150436,Nacho Libre,2006
150441,Money Back Policy,2013
150451,Happy Gilmore,1996
150473,The Secret of Kells,2009
150488,Before Night Falls,2000
150501,The Truman Show,1998
150562,A Kid for Two Farthings,1955
150563,The Collector,2002
150578,Wrong Turn,2003
150601,Lost Horizon,1937
150623,Freaks,1932
150628,The Amityville Horror,2005
150638,Lady and the Tramp II: Scamp's Adventure,2001
150640,The Last Exorcism,2010
150655,City of Ghosts,2002
150661,The Neighbor,2012
150700,Sidewinder 1,1977
150703,Godzilla,2014
150732,Vikingdom,2013
150739,Oklahoma!,1999
150798,Horton Hears a Who!,2008
150802,Almost Friends,2014
150815,Shiloh,1996
150829,Hostel,2011
150846,The Magnificent Ambersons,1942
150850,Johnny English Reborn,2011
150861,Saw 3D,2010
150864,The Inbetweeners 2,2014
150886,My Darling Clementine,1946
150887,Ender's Game,2013
150889,The Punisher,2004
150891,Premonition,2004
150893,Murder by Invitation,1941
150941,Moulin Rouge!,2001
150949,To the Arctic 3D,2012
150953,Trumbo,2015
150957,Casino,1995
150993,Chungking Express,1994
151005,Lego Scooby-Doo! Haunted Hollywood,2016
151059,Foxcatcher,2014
151089,Killer Legends,
151102,Men in Black,1997
151110,Unstoppable,2013
151111,Father Xmas,2001
151114,Brooklyn's Finest,2009
151167,The Good Life,1997
151180,Pokémon 3: The Movie,
151198,Escape to Victory,1981
151201,Angels with Dirty Faces,1938
151231,Cats & Dogs,2001
151236,Zapped!,1982
151269,Fast and Furious,1939
151299,Ghost in the Shell,2017
151304,Korkoro,
151313,A Scanner Darkly,2006
151318,The Transporter,2002
151340,Lovelace,2013
151341,Draft Day,2014
151348,Frozen,2010
151350,Hellboy,2004
151357,Pay It Forward,2000
151368,Faster,2010
151371,The African Queen,1951
151386,The Blue Umbrella,2013
151390,The Choice,2015
151417,Men at Work,1990
151418,Treasure Planet,2002
151453,Rat Race,2001
151488,Beauty and the Beast,1991
151539,Shrooms,2007
151573,Cellular,2004
151577,Daylight,1996
151595,The Smell of Us,2014
151596,Jurassic Park III,2001
151599,Troll 2,1990
151630,Girls' Night Out,1998
151656,Police Academy,1984
151670,Six Degrees of Separation,1993
151700,The Theory of Everything,2014
151702,Harold & Kumar Escape from Guantanamo Bay,2008
151728,The Purge,2013
151752,Fantastic Mr. Fox,2009
151769,A Kid in King Arthur's Court,1995
151777,Rooster Cogburn,1975
151785,Following,1998
151828,Sounder,1972
151837,12 Angry Men,1957
151866,Powder,1995
151938,My Sister's Keeper,2009
151962,The Hallow,2015
151969,Inside Job,2010
151984,All the President's Men,1976
151987,The Penthouse,1967
151989,Dear John,2010
152004,Bird on a Wire,1990
152014,A Kind of Murder,2016
152036,Knights,1993
152037,Heidi,1993
152039,Aloha,2015
152043,The Suicide Club,1914
152082,Upstream Color,2013
152121,"You, Me and Dupree",2006
152127,Youth in Revolt,2009
152142,Lassie,1994
152149,Son of Django,1967
152153,Duel,1971
152174,Fighter,2011
152188,Sucker Punch,2008
152202,Maze Runner,
152242,Enemy of the State,1998
152273,Christmas Tango,2011
152303,This Is Where I Leave You,2014
152312,Gothika,2003
152322,Larry Crowne,2011
152325,The Minority,
152329,The Conjuring 2,2016
152418,Dark Water,2002
152424,Stick It,2006
152437,The Cotton Club,1984
152464,Sleeping Beauty,1942
152474,All Dogs Go to Heaven,
152496,Heathers,1988
152497,Bruce Almighty,2003
152521,Taxi Driver,1976
152567,Network,1976
152590,The Land That Time Forgot,1975
152615,Asew,1935
152708,Cradle 2 the Grave,2003
152744,Grease,1978
152748,The Avengers,1998
152769,Dope,2015
152789,Ant-Man,2015
152818,Candyman,1992
152823,Funny Games,1997
152830,The Chronicles of Narnia: Prince Caspian,2008
152845,Fly My Kite,1931
152847,How to Lose a Guy in 10 Days,2003
152850,The Awakening,2011
152855,The Blackcoat's Daughter,2015
152868,Summer Stock,1950
152874,The Thin Man,1934
152877,Snowpiercer,2013
152883,Romeo Is Bleeding,1993
152913,Divine Secrets of the Ya-Ya Sisterhood,2002
152955,Enter the Dragon,1973
152969,Sophie's Choice,1982
152981,Killing Them Softly,2012
152993,The Killing Room,2009
153084,Alone in Berlin,2016
153100,The Great Train Robbery,1903
153101,The Outsiders,1983
153165,A Room with a View,1985
153170,The Beyond,1981
153194,Snake Eyes,1998
153202,The Diving Bell and the Butterfly,2007
153287,Pieces,1982
153288,Murder by Death,1976
153346,Insidious,2011
153348,The Poseidon Adventure,1972
153355,The Sure Thing,1985
153382,I Spit on Your Grave,2010
153411,27 Dresses,2008
153438,Hard Boiled,1992
153450,Manhattan,1979
153455,Chitty Chitty Bang Bang,1968
153466,Sex and Lucia,2001
153484,Downfall,2004
153492,Inkheart,2008
153498,Patriot Games,1992
153505,I Am Bruce Lee,2012
153549,Bonnie and Clyde Italian Style,1982
153559,The Nut Job,2014
153576,Repo Men,2010
153600,High Crime,1973
153620,Easy Rider: The Ride Back,2012
153636,Venom,2014
153645,The Great Gatsby,1974
153659,Gravity,2009
153706,My Little Pony: The Movie,1986
153707,Blown Away,1994
153733,Saw,2003
153761,Malcolm X,1992
153792,Final,2001
153820,Talk to Me,2007
153821,The Girl on the Train,2013
153858,Dead Poets Society,1989
153904,From Beyond,1986
153918,On Golden Pond,1981
153939,The Shootist,1976
153954,Begin Again,2013
154012,Kaizoku Sentai Gokaiger the Movie: The Flying Ghost Ship,2011
154033,Tom Sawyer,2000
154046,Goodbye Christopher Robin,
154067,The Razor's Edge,1984
154069,Grandma's Boy,2006
154114,The Other,1972
154115,Destiny,1927
154118,Princess Caraboo,1994
154125,Transformers: Dark of the Moon: The Junior Novel,
154133,House,1995
154137,The Human Stain,2003
154149,Sunday,2002
154189,The Curious Case of Benjamin Button,2008
154247,Total Recall,2012
154252,Womb,2010
154271,25th Hour,
154292,Deck the Halls,2005
154329,License to Drive,1988
154336,Dark Vengeance,1993
154350,From Prada to Nada,2011
154352,Major Payne,1995
154360,Set It Off,1996
154390,The Champ,1979
154406,Welcome to Mooseport,2004
154409,Remember Me,2010
154477,Runaway,2009
154483,Seal Team Six: The Raid on Osama Bin Laden,
154486,The Talented Mr. Ripley,1999
154513,X-Men: First Class,2011
154630,Aids,1987
154640,Hatari!,1962
154642,Justice,1914
154710,Young Guns,1988
154716,Kiss Me Kate,1953
154756,Valley Girl,1983
154779,Frankenstein vs. the Creature from Blood Cove,2005
154796,"What's Up, Doc%3F",1972
154811,Elysium,2013
154817,Narc,2002
154829,Firefly,2005
154844,Finding Nemo,2003
154848,Going in Style,2017
154857,Speed,1994
154883,The SpongeBob SquarePants Movie,2004
154920,Howl's Moving Castle,
154926,Jane Eyre,2011
154928,Time to Kill,1989
154968,Fugitives,1929
154969,Partha,2003
154970,Atlantic Rim,2013
154980,Hacksaw Ridge,
154993,Rushmore,1998
155006,A Night at the Opera,1935
155021,Amusement,2008
155023,Godzilla vs. SpaceGodzilla,1994
155029,Fourplay,2001
155044,Hellboy II: The Golden Army,2008
155078,A Cinderella Story: Once Upon a Song,2011
155081,Stir of Echoes,1999
155110,Signs,2002
155114,Blackfish,2013
155125,Bus Stop,1956
155140,Jesus Camp,2006
155147,The Hills Run Red,1966
155158,The Bruce,1996
155186,"Silent Night, Deadly Night",1984
155200,Superbeast,1972
155215,Jersey Boys,2014
155218,Syriana,2005
155224,Blue Jay,2016
155245,Holes,2003
155281,The Sowers,1916
155346,Bandits,2001
155370,Highlander,1986
155407,Mickey Blue Eyes,1999
155408,Fissures,2009
155437,The Uncomfortable Camera,2005
155467,Zodiac,2007
155470,Hanging Up,2000
155475,Empire,1964
155548,Dus,2005
155564,Sliver,1993
155572,King Kong,2005
155576,The Inkwell,1994
155595,Charles Manson Superstar,1989
155602,The Prince and Me,2004
155605,Aladdin and the King of Thieves,1996
155632,The Matrix Reloaded,2003
155642,The Lucky Ones,2008
155645,Ted 2,2015
155661,The Road,2009
155698,Demons 2,1986
155785,The Danish Girl,2015
155790,Star Trek,
155806,Unrest,2006
155829,Rogue One: A Star Wars Story,2016
155837,Open Range,2003
155843,Not Another Teen Movie,2001
155845,The Jungle,1967
155852,Zorba the Greek,1964
155863,The Nut Job 2,2017
155885,No Escape,2015
155900,Chisum,1970
155908,Somewhere in Time,1980
155910,Death Weekend,1976
155916,Arachnophobia,1990
155938,The Producers,1968
155955,Paddington 2,
155956,Over the Hedge,2006
155969,The Martian,2015
155989,Just Go with It,2011
156056,Attack the Block,
156059,Three Strangers,1946
156060,We Are Marshall,2006
156063,Little Women,1994
156082,High Noon,1952
156092,Speed,1984
156094,American Sniper,2014
156095,Roam Sweet Home,1996
156123,Great Balls of Fire!,1989
156124,Apocalypto,2006
156134,Zombiez,2005
156176,Planet Terror,2007
156196,Mario,1984
156199,Lost,2004
156250,Some Like It Cold,1960
156293,Key Largo,1948
156304,The King's Speech,2010
156333,Ice Princess,2005
156363,The Cincinnati Kid,1965
156366,Nostalgia,1971
156484,Working Girl,1988
156515,The 14,1973
156583,Dead Snow,2009
156589,Kicking & Screaming,2005
156590,Almost Christmas,2016
156609,Moonstruck,1987
156624,Buried,2010
156643,Duplex,2003
156652,The 400 Blows,1959
156677,Aliens in the Attic,2009
156679,All the Right Moves,1983
156685,My Cousin Vinny,1992
156689,Spies Like Us,1985
156695,Dunston Checks In,1996
156698,White Chicks,2004
156699,Notes on a Scandal,2006
156717,Au revoir les enfants,1987
156724,Cabin by the Lake,2000
156731,Bad Boys,2003
156758,Friday the 13th Part 2,1981
156761,The Belko Experiment,2016
156802,Room,2015
156808,Beauty Shop,2005
156817,The Shaolin Drunken Monk,1982
156818,The Intern,2015
156821,Snow White,1962
156844,O Concurso,2013
156872,Pumping Iron,1977
156880,King Kung Fu,1976
156904,The Cheat,1923
156931,Paths of Glory,1957
156979,Amour,2012
156987,The Seasoning House,2012
157018,Wild Child,2008
157029,The Cannonball Run,1981
157059,Tremors 5: Bloodlines,2015
157062,Fatal Beauty,1987
157074,Cruel Intentions,1999
157097,Waist Deep,2006
157169,Army Wives,1987
157174,Ten Dead Men,2008
157187,Tully,
157190,Arrival,2016
157210,The Ridiculous 6,2015
157221,The Exorcism of Emily Rose,2005
157231,Double Jeopardy,1999
157239,The Deep,1977
157241,The Hobbit,
157259,Dead Presidents,1995
157263,Fletch,1985
157274,The Cobbler,2014
157283,Pete's Dragon,1977
157306,12 Monkeys,1995
157318,Saw II,2005
157326,American Ultra,2015
157333,Real Women Have Curves,2002
157334,Eddie Murphy Raw,1987
157343,The Expendables,2000
157345,U-571,2000
157355,Tiptoes,2003
157376,Hitchcock,
157384,George of the Jungle,1997
157394,The Wedding Singer,1998
157395,Down with Love,2003
157402,Magic Mike,2012
157425,Rosencrantz & Guildenstern Are Dead,1990
157429,Loving,2016
157441,Lovers,1999
157454,Red,2010
157490,Thinner,1996
157497,When Paddy Met Sally,
157536,Drums in the Deep South,1951
157564,Black Rain,1989
157578,Look Who's Talking,1989
157590,Indiana Jones,
157606,"Come On, Leathernecks!",1938
157619,From Paris with Love,2010
157640,Revenge,1990
157678,Cool and the Crazy,
157696,Ureme 5,1989
157711,Midnight in Paris,2011
157716,The Parallax View,1974
157749,Wing Commander,1999
157758,The Break-Up,2006
157765,The Heat,2013
157783,The Circle,2017
157810,The Commuters,1915
157816,Four Brothers,2005
157820,916,2012
157850,In the Line of Fire,1993
157878,Wise Guys,1986
157900,Doom,2005
157901,The Dead,2010
157911,Redrum – A tale of Murder,
157924,Shrek,2001
157946,The Italian Job,1969
157949,Asthore,1917
157955,Going Back,1983
157957,They,2002
157991,Independence Day,1996
157997,Rings,2017
158006,Captain America: Civil War,2016
158022,Blue Hawaii,1961
158026,Drugstore Cowboy,1989
158059,Focus,2015
158073,Waiting...,2005
158083,Rebecca,1940
158105,"Dirty Mary, Crazy Larry",1974
158111,Flags of Our Fathers,2006
158112,Cinderella Man,2005
158129,Night and Fog,1956
158155,Hamlet,2009
158208,Anchorman 2: The Legend Continues,2013
158212,21,2016
158225,Manon des Sources,1986
158256,Black Roses,1988
158263,Roots,1955
158268,The Three Kings,1929
158269,Teeth,2007
158274,The Fall,2006
158329,The Back-up Plan,
158384,Al Capone,1959
158390,Korengal,
158402,Rebound,2005
158405,Solaris,2002
158408,The Time Travelers,1964
158433,Dr. Dolittle,1998
158461,Going Clear,2015
158492,The Flesh Is Weak,1957
158497,Regarding Henry,1991
158514,Romeo,2012
158518,Cold Mountain,2003
158528,The Sting,1973
158529,Gettysburg,1993
158556,XXX: Return of Xander Cage,2017
158570,Middle Men,2009
158571,The Girl with the Dragon Tattoo,2011
158628,The Jailhouse,2010
158637,Rififi,1955
158679,The Age of Adaline,2015
158702,The Gift,2015
158707,Lionheart,1990
158716,Payback,1999
158734,Romeo Must Die,2000
158803,Who Framed Roger Rabbit,
158849,Ice Age: The Meltdown,2006
158874,My Best Friend's Wedding,1997
158876,Inuyasha the Movie: Swords of an Honorable Ruler,
158890,Bridesmaids,1989
158903,San Andreas,2015
158904,Ronin,1998
158950,The Last House on the Left,2009
158970,The Story of G.I. Joe,1945
158973,Sabotage,2014
159009,Phantom,2002
159039,Night of the Living Dead 3D: Re-Animation,2012
159077,Neighbors 2: Sorority Rising,2016
159090,Alice in Wonderland,2010
159100,Rain Man,1988
159109,Hooper,1978
159122,American Movie,1999
159132,Bridget Jones's Baby,2016
159166,Lethal Weapon 3,1992
159167,After the Wedding,2006
159194,Jungle Book,2018
159236,Vampire,2011
159244,Heidi,2005
159275,The Day the Earth Stood Still,2008
159304,Fortress,1992
159382,Rush Hour,
159469,Homecoming,2009
159485,"Aliens in the Wild, Wild West",1999
159488,The Stupids,1996
159497,Grizzly Man,2005
159499,Black Death,2010
159503,Passengers,2016
159511,Chocolat,2016
159550,Doctor Who,
159560,Citizen X,
159561,Beverly Hills Ninja,1997
159569,Party Monster,2003
159618,Identity Theft,2004
159620,Jaws 2,1978
159636,The Guardian,2006
159654,Little Dieter Needs to Fly,1997
159657,Murder on the Orient Express,1974
159700,Submergence,
159718,Gone Fishin',1997
159731,Max Payne,2008
159758,Your Highness,2011
159793,Rope,1948
159800,Never Sleep Again: The Elm Street Legacy,2010
159810,Kalifornia,
159861,The Lost Boys,1978
159873,Richard Pryor: Live in Concert,1979
159874,Fort Apache,1948
159880,Traffic,2011
159885,The Incredibles,2004
159895,War Dogs,2016
159952,Cat People,1942
159982,The Messengers,2007
159991,Harry Potter and the Half-Blood Prince,2009
160007,Enter the Void,2009
160014,Tickled,2016
160038,Casablanca,1942
160060,The Rum Diary,2011
160105,Metropolis,1927
160163,Dead Birds,2004
160165,Miss Peregrine's Home for Peculiar Children,2016
160178,The Master,2012
160207,Terminator 3: Rise of the Machines,2003
160225,The Hand That Rocks the Cradle,
160266,O,2001
160285,Flushed Away,2006
160312,Legend,2015
160359,"South Park: Bigger, Longer & Uncut",1999
160378,The Tingler,1959
160403,Batman: Under the Red Hood,
160428,The Air I Breathe,2007
160432,Constantine,2005
160437,Amistad,1997
160457,Legends of the Fall,1994
160464,Madagascar 3: Europe's Most Wanted,2012
160470,Charlie Wilson's War,2007
160476,The Longest Ride,2015
160499,Secretary,2002
160500,Man on a Ledge,2012
160514,Conan the Barbarian,1982
160542,Police Story,1996
160589,Flightplan,2005
160609,The Frisco Kid,1979
160628,Cloudy with a Chance of Meatballs 2,2013
160652,Funny People,2009
160661,The Possession,2012
160686,Secrets of the Code,2006
160690,Super Troopers 2,2018
160742,21 Grams,2003
160772,The Good Dinosaur,2015
160776,The Ring Two,2005
160791,A Home at the End of the World,2004
160834,The X-Files,1998
160854,Dear Diary,1996
160858,Cheaper by the Dozen 2,2005
160862,Shut In,2016
160898,The Little Shop of Horrors,1960
160915,Bedtime Stories,2008
160919,The Fighter,2010
160971,Born to Race,2011
160972,ParaNorman,2012
160978,My Neighbor Totoro,
160980,The Last Witch Hunter,2015
160981,The Americanization of Emily,1964
161025,Demon Knight,1995
161056,Tower Heist,2011
161062,The Seven-Ups,1973
161074,In the Labyrinth,
161082,H,2002
161089,One Hour Photo,2002
161092,Trekkies,1997
161121,The Clown at Midnight,1998
161197,Goldie,1931
161207,The Elizabeth Smart Story,
161228,Thank You for Your Service,2016
161244,Nocturnal Animals,2016
161251,Killing Heat,1981
161259,How to Train Your Dragon,
161279,Jeremiah Johnson,1972
161285,The Postman,1997
161296,City of Ember,2008
161313,Die Hard,1988
161326,Before Sunrise,1995
161332,Power Rangers,2017
161334,Why We Fight,2005
161352,Lion,2015
161385,Caddyshack,1980
161460,Like Mike,2002
161498,Toy Story 3,2010
161501,Valentine's Day,2007
161520,Air Bud,
161532,Never Back Down: No Surrender,2016
161546,Trainspotting,1996
161547,Lilo & Stitch 2: Stitch Has a Glitch,2005
161572,Harry Potter and the Deathly Hallows – Part 2,2011
161582,Idle Hands,1999
161606,Gangsters,1992
161607,Beethoven,1992
161609,Pigeon,2004
161617,Glory,1989
161638,Harry Potter and the Prisoner of Azkaban,2004
161651,Rumpelstiltskin,1995
161723,The Godfather,1972
161747,The Little Woman,
161756,A Nightmare on Elm Street 2: Freddy's Revenge,1985
161762,The Monkey King,2014
161771,Blood and Bone,2009
161799,No Escape,1953
161817,Children of Men,2006
161831,The Little Rascals,1994
161935,John Tucker Must Die,2006
161966,Seven Pounds,2008
161977,The Cleaner,2012
161979,Kahaani,2012
161983,Mrs. Doubtfire,1993
162007,Cheech & Chong's Next Movie,1980
162016,The Age of Innocence,1993
162022,The Sniper,2009
162040,The Tuxedo,2002
162093,Helter Skelter,1976
162108,Moonraker,1979
162116,Jiggs and Maggie in Society,1947
162117,Auntie Mame,1958
162165,Barbershop,2002
162174,Toss,2009
162188,Speed,2007
162209,Fierce People,2005
162219,Red Tails,2012
162239,The Hottie and the Nottie,2008
162280,Dolphin Tale,2011
162283,Fan,2016
162317,Tom & Jerry,1995
162326,Adventureland,2009
162332,Underworld,1985
162347,The Wild One,1953
162367,Home Again,2012
162373,Adventures in Babysitting,1987
162410,Halo,1996
162429,Dark City,1990
162454,The Lone Ranger,2013
162466,Blair Witch,2016
162481,I Now Pronounce You Chuck & Larry,2007
162512,Basic,2003
162517,She's Out of My League,2010
162529,Phantom of the Opera,1943
162573,Top Gun,1986
162596,Re-Animator,1985
162601,Sunset Boulevard,1950
162604,The Warrior,2001
162606,Bats,1999
162622,Battle Royale,2000
162629,Takers,2010
162647,Finding Dory,2016
162652,Tomorrowland,2015
162658,The Aviator,2004
162672,The Wolf,2004
162703,Magnum Force,1973
162794,War for the Planet of the Apes,2017
162810,Mr. Popper's Penguins,
162859,"Tomorrow, When the War Began",
162863,The Hunt for Red October,1990
162872,Donnie Darko: The Director's Cut,2004
162873,Cocoon,1985
162882,Forrest Gump,1994
162907,Cube,1997
162930,The BFG,2016
162943,The Black Panthers: Vanguard of the Revolution,2015
162962,Hollow,2014
162964,Rogue,2007
162970,The Wild Wild West,1921
162973,The Black Mask,1935
163024,True Grit,1969
163052,The Big Wedding,2013
163090,Entrapment,1999
163093,House IV,1992
163094,The Long Kiss Goodnight,1996
163105,The Great Dan Patch,1949
163150,Chocolat,2000
163152,Time Lapse,2014
163162,Zoolander 2,2016
163184,Escape to Witch Mountain,1975
163189,Central Station,1998
163190,Get Shorty,
163215,Wonder,2017
163231,Far and Away,1992
163241,Blood Feast,1963
163264,Jack Ryan: Shadow Recruit,2014
163297,Kathi,1983
163375,Fever,2016
163398,Scott Pilgrim vs. the World,2010
163410,The Hobbit: The Battle of the Five Armies,2014
163445,Sigh,2000
163456,Goal!,2005
163487,Tammy,2014
163510,Don't Say a Word,2001
163528,The Tillman Story,2010
163544,Look Who's Talking Now,1993
163553,Ingrid Goes West,2017
163577,Rambo: First Blood Part II,1985
163586,Thirteen,2003
163606,Avatar,
163616,The Toy,1982
163619,Ferris Bueller's Day Off,1986
163689,Herbie,1965
163696,Charlie's Angels,2000
163704,Halloween,2007
163708,Beauty and the Beast,1992
163713,The Polar Express,2004
163739,American Pie 2,2001
163748,The Toxic Avenger Part II,1989
163869,The Mosquito Coast,1986
163899,The Shadow,1994
163936,Son of Saul,2015
163973,Captain America,1990
163975,Hoop Dreams,1994
164001,Cabin Fever,2016
164027,The Great Race,1965
164033,Detective School Dropouts,1986
164046,The Right Kind of Wrong,2013
164057,Paper Planes,2015
164063,The Village,2004
164071,The Dark Night,1989
164114,Alexander,2004
164128,Kill Bill: Volume 2,2004
164159,Flash,2007
164206,Live and Let Die,1973
164311,Jerry Maguire,1996
164334,Waterloo Bridge,1940
164364,Death Wish,
164366,The Perfect Match,2016
164394,Dan in Real Life,2007
164410,Hudson Hawk,1991
164412,Wonder Woman,1974
164515,Red Dust,1932
164530,K-19: The Widowmaker,2002
164542,Hello Herman,2012
164565,12 Rounds,2009
164614,Five Deadly Venoms,1978
164642,Race,2016
164666,The Next Three Days,2010
164669,Parenthood,1989
164728,Out of Sight,
164729,Fantasia,2014
164735,The Strangers,2012
164755,Cast Away,2000
164773,Mr. Holmes,2015
164779,Grimm's Snow White,2012
164798,Burlesque,2010
164815,Where the Heart Is,2000
164820,The Money Pit,1986
164852,The Searchers,1956
164872,Obsessed,2009
164887,Evil Aliens,2005
164888,Case 39,2009
164890,Justice,1993
164931,The Last King of Scotland,2006
164934,Air America,1990
164944,War Horse,2011
164982,Gladiatress,2004
164987,13 Sins,2014
165014,Divergence,2005
165018,National Lampoon's European Vacation,1985
165067,Tank Girl,1995
165080,The Gift,2003
165085,Escape from L.A.,1996
165099,Unleashed,2005
165105,Ernest Saves Christmas,1988
165140,An Inconvenient Truth,2006
165155,Dead Silence,2007
165182,The Way Back,2010
165240,Little Fockers,
165248,Let the Right One In,2008
165261,The Lincoln Lawyer,
165266,The Fluffy Movie,2014
165281,Kiss of the Dragon,2001
165289,Bounty Hunters,
165308,Avengers: Age of Ultron,2015
165309,The Sisterhood of the Traveling Pants,2005
165343,Code of Honor,2016
165380,Warbus,1985
165382,Westworld,1973
165396,Martyrs,2008
165416,The Martins,2001
165417,House on the Hill,2012
165425,Finding Forrester,2000
165428,Diep,2005
165438,Horrible Bosses 2,2014
165442,Shadow of the Vampire,2000
165453,Grumpier Old Men,1995
165466,Déjà Vu,2008
165473,"Lucía, Lucía",2003
165484,The Babysitter,2016
165499,The Jacket,2005
165504,Back to the Future Part II,1989
165510,The Little Mermaid,1992
165525,Taxi to the Dark Side,2007
165531,Spider-Man 3,2007
165541,Invasion of the Scream Queens,1992
165636,City of Men,2007
165683,Where the Money Is,2000
165710,The Boss Baby,2017
165715,Crossroads,2002
165728,Prom Night,2008
165736,Boomerang,2015
165744,Cats,1998
165776,American Gigolo,1980
165778,The Specialist,1994
165806,To Have and Have Not,
165812,Transformers: The Last Knight,2017
165836,The Hornet's Nest,2014
165843,Tootsie,
165952,Love Happens,
165965,Killing Kennedy,
165971,Wells Fargo,1937
165984,Eye in the Sky,2015
165991,Harold & Kumar Go to White Castle,2004
166006,Eddie the Eagle,2016
166010,Resident Evil,
166029,The King and I,1999
166033,Gnomeo & Juliet: Sherlock Gnomes,2018
166037,Five Dances,2013
166052,The Mask,1994
166062,G,2002
166069,Kill Bill,
166078,Mortdecai,2015
166083,The Great White Hype,1996
166117,Avengers Grimm,2015
166131,In Her Skin,2009
166154,Berlin Syndrome,
166160,Sherlock Holmes,1922
166208,Villu,2009
166243,Patema Inverted,
166279,War,2007
166325,W.W. and the Dixie Dancekings,1975
166357,Superman Classic,
166377,Thy Womb,2012
166413,A Beautiful Life,2008
166425,Steve Jobs,2015
166466,It's a Wonderful Life,1946
166505,The Prisoner of Zenda,1952
166548,Nightmare,2000
166583,Skyfall,2012
166603,South Pacific,1958
166612,Turbo Kid,2015
166629,Romance Complicated,2016
166668,Duck Soup,1933
166670,Think Like a Man,2012
166696,The Baader Meinhof Complex,2008
166710,Take,2007
166721,Black Beauty,1921
166729,Bridget Jones's Diary,2001
166736,47 Meters Down,2017
166772,The Bourne Supremacy,2004
166790,The Paperboy,2012
166817,Speed 2: Cruise Control,1997
166836,Bone Tomahawk,2015
166852,Madagascar,2005
166870,Castle in the Sky,1986
166883,The Descent,2005
166906,Gold Diggers: The Secret of Bear Mountain,1995
166929,Hostage,
166931,Legend № 17,2013
166941,Rock of Ages,2012
166971,I.T.,
166987,War and Peace,2002
167001,Mercenary for Justice,
167031,Sinister 2,2015
167048,The Last Dinosaur,1977
167064,The Fugitive,1993
167073,"Sister, Sister",1982
167120,Oba: The Last Samurai,2011
167158,The Five-Year Engagement,2012
167208,Furious 7,2015
167222,Mother's Day,1980
167231,The Black Hole,1979
167236,Punch-Drunk Love,2002
167281,Shaolin Temple,1976
167290,Melancholia,2011
167303,The Kill Team,2013
167343,Judge Dredd,1995
167363,Shanghai Knights,2003
167384,Dying of Laughter,1999
167394,Giant Creepy Crawlies,2000
167455,Moonlight,2016
167491,The Cabinet of Caligari,1962
167508,Sphere,1998
167522,Always,1989
167529,Van Helsing: The London Assignment,2004
167536,Victoria and Abdul,
167555,Scenic Route,2013
167566,Left Behind,2014
167596,Gia,
167600,The Black Panther Warriors,1993
167612,Nothing to Lose,1997
167623,Beerfest,2006
167640,S.W.A.T.,2003
167643,Love the Coopers,2015
167659,Dracula 3D,2012
167698,Modern Times,1936
167726,Kissing Jessica Stein,2001
167746,The Holiday,2006
167753,The Pianist,1991
167756,A Cure for Wellness,2017
167763,Down Periscope,1996
167774,Pandorum,2009
167820,Diary of a Wimpy Kid: The Long Haul,
167839,The Switch,2010
167847,Brokeback Mountain,2005
167870,Man of the Year,2006
167919,Hardball,2001
167936,Step Up,2006
167942,Switching Goals,
167973,Kiki's Delivery Service,2014
168039,The Dark Knight Trilogy,
168050,Muriel's Wedding,1994
168068,The Warrior's Way,
168070,Colors,1988
168074,Last Knights,2015
168084,Defiance,2008
168086,Another 48 Hrs.,1990
168097,Daddy's Little Girls,2007
168110,Twin Husbands,1933
168137,Mildred Pierce,1945
168141,Purgatory,2007
168161,Clue,1985
168173,Pete's Dragon,2016
168186,I Am Not Your Negro,2016
168188,Kingsglaive: Final Fantasy XV,
168221,Tampopo,1985
168233,Big Fat Liar,2002
168256,Mindgame,
168289,Baby Mama,2008
168301,Jiro Dreams of Sushi,2011
168337,Planet of the Apes,2001
168342,Message from Space,1978
168361,YellowBrickRoad,2010
168367,Woman on Top,2000
168388,Men in Black,
168434,Dracula: Dead and Loving It,1995
168455,The Big Cube,1969
168463,Joséphine,2013
168467,High Crimes,2002
168484,The Tomb,2007
168553,The Infiltrator,2016
168557,Mars,2004
168560,Beethoven's 3rd,2000
168565,But I'm a Cheerleader,1999
168568,The Time Machine,1960
168576,The Stuff,1985
168617,Red 2,2013
168621,Inside Llewyn Davis,2013
168632,28 Weeks Later,2007
168644,Phenomenon,1996
168648,Pacquiao: The Movie,2006
168656,Must Love Dogs,2005
168661,Blackbeard's Ghost,1968
168664,Watchmen,2009
168689,Star Wars: Episode III – Revenge of the Sith,2005
168719,House of Wax,2005
168727,Pirates of the Caribbean: At World's End,2007
168758,Into the Storm,2009
168776,After the Sunset,2004
168781,Big Stan,2007
168788,Deep Blue Sea,1999
168793,Pokémon: The First Movie,
168803,Chronicle,
168807,Tracks,2013
168892,Young Frankenstein,1974
168913,Colombiana,2011
168915,The Landlord,1970
168960,The Secret Life of Bees,2008
168985,Ip Man,
169009,What We Do in the Shadows,2014
169012,Unbreakable,2000
169027,Run,2014
169052,Up There,2012
169085,Independence Day,2000
169090,A Civil Action,1998
169112,3 Idiots,2009
169131,Enemy Mine,1985
169159,Love Story,1970
169169,"McFarland, USA",2015
169198,The Legend of Boggy Creek,1972
169270,Whiskey Tango Foxtrot,2016
169274,Infernal Affairs,2002
169288,Life,1996
169305,Dark Tower,1987
169311,Man Up,2015
169313,What Women Want,2011
169319,Precious,
169338,Abduction,2011
169344,Harlem Nights,1989
169353,The River Wild,1994
169376,Highlander,
169402,Cool Runnings,1993
169419,Thor: Ragnarok,2017
169420,Premium Rush,2012
169470,Meet Me in St. Louis,
169475,The Little Mermaid II: Return to the Sea,2000
169487,Borat,2006
169509,Thirteen Days,2000
169516,Reign of Fire,2002
169522,Twice-Told Tales,1963
169586,Fireproof,2008
169601,Scream,
169617,Fiddler on the Roof,1971
169623,O.J.: Made in America,
169633,Snow Buddies,2008
169644,Thank You for Smoking,2005
169662,The Lorax,2012
169664,Green Card,1990
169675,The Muppets,2011
169717,Jay and Silent Bob Strike Back,2001
169726,Love Potion No. 9,1992
169750,The Adventures of Tintin,2011
169751,Godzilla vs. Megalon,1973
169760,The Invitation,2015
169772,The Birth of a Nation,2016
169786,Bottle Rocket,1996
169819,Explorers,1985
169829,The Diary of Anne Frank,1959
169886,Barry,2016
169910,Leatherface,2017
169948,The Haunting,1963
169953,Ironclad: Battle for Blood,2014
169954,Unknown,2011
170023,Halloween II,1981
170032,A Boyfriend for Christmas,
170037,The Big Sick,2017
170059,Die Hard 2,1990
170060,Tommy Boy,1995
170094,Sabrina,1954
170108,Lower Learning,2008
170119,The Sixth Sense,1999
170147,Repulsion,1965
170170,Letters to Juliet,2010
170174,The Hunger Games,
170196,Call of the Wild,2009
170206,Alien: Resurrection,1997
170213,The Aristocats,
170262,W.,2008
170268,Devil in a Blue Dress,1995
170277,The Terminator,1984
170305,John Wick: Chapter 2,2017
170316,Hot Tub Time Machine 2,2015
170375,Goon,2011
170376,Blade Runner 2049,2017
170394,Pacific Heights,1990
170419,Flatliners,1990
170427,You Laugh,1998
170452,Tron: Legacy,2010
170501,Unfaithful,2002
170521,Boy,2010
170530,Madagascar: Escape 2 Africa,2008
170540,It's Alive,1974
170576,Rise of the Planet of the Apes,2011
170623,Blades,1989
170634,Beautiful Minds,
170635,Shak,2004
170648,The Delta Force,1986
170662,Sugar & Spice,2001
170683,Rubber,2010
170707,Stop-Loss,2008
170710,Soapdish,1991
170722,Meet the Parents,2000
170738,The Patriot,1998
170751,Live Hard,1989
170756,Saw V,2008
170768,The Chaser,2008
170837,God Bless America,2011
170871,Ghost in the Shell: Stand Alone Complex - Solid State Society,2006
170886,Black Knight,2001
170898,The 300 Spartans,1962
170924,House on Haunted Hill,1959
170943,The Ultimate Gift,2006
171000,Evita,1996
171009,Slither,2006
171056,Veronica,2017
171106,Romeo and Juliet,2007
171132,Deadroom,2005
171137,Get a Clue,1997
171169,The Marine,2006
171177,The Woman,2011
171202,Gladiator,2000
171219,Fatty Joins the Force,1913
171227,Dune,1984
171242,MÁG,1987
171245,The Hobbit: An Unexpected Journey,2012
171249,The Professional,1981
171250,Fury,2012
171287,The Jazz Singer,1927
171308,Puss in Boots,2011
171338,Beware the Slenderman,2016
171343,Father of the Bride,1950
171359,Paris Is Burning,1990
171413,Village of the Damned,1960
171446,One Piece Film: Z,
171455,Murder,2004
171468,Tinker Tailor Soldier Spy,2011
171508,Jury Duty,1995
171529,Elizabeth,1998
171540,Demons,1985
171552,The Dark Tower,2017
171568,The Warriors,1979
171598,Bronson,2008
171615,The Nightmare Before Christmas,1993
171627,The Inbetweeners Movie,2011
171629,Cinderella,2006
171632,Daddy,2001
171676,The Madness of King George,1994
171708,Empire of the Sun,1987
171717,Suburban Mayhem,2006
171718,The Iron Giant,1999
171737,My Little Bride,2004
171749,Other People,2016
171808,Wish Upon a Star,
171810,The Brady Bunch Movie,1995
171851,Amelia,2009
171880,Masked Avengers,1981
171914,Con Air,1997
171959,Scarlet Street,1945
171969,Get Him to the Greek,2010
171982,Jack and Jill,2011
172009,Bucky Larson: Born to Be a Star,2011
172036,Freedom Writers,2007
172042,Nell,1994
172043,White Noise,2005
172049,The Chronicles of Riddick,2004
172065,WarGames,1983
172067,Shutter,2012
172068,Mr. Butterfly,2003
172088,The Gift,2000
172109,Blow,2001
172122,This Is Spinal Tap,1984
172129,Chicago 10,2007
172150,When Marnie Was There,
172153,Videodrome,1983
172162,The Man Who Planted Trees,1987
172171,Rang,1993
172250,The Dilemma,
172264,Steel Magnolias,1989
172293,The Human Centipede 2,2011
172317,Deadly Friend,1986
172387,Stealing Home,2001
172394,Nine,2009
172397,Lolita,1997
172406,Flashdance,1983
172418,House of D,2004
172492,The Assailant,
172518,Days of Glory,2006
172564,The Internet's Own Boy,2014
172571,My Father the Hero,1994
172599,Assassins,1995
172639,Tremors 3: Back to Perfection,2001
172660,Allied,2016
172676,Dogtown and Z-Boys,2001
172721,Gentlemen Prefer Blondes,1953
172839,The Muppets Take Manhattan,1984
172851,42,2013
172871,The Gods Must Be Crazy,1980
172914,Seilama,1993
172934,Hollywood,1923
172940,Men in Black 3,2012
172954,Friday,2012
173035,Diary of a Mad Black Woman,2005
173061,According to Greta,2009
173068,Ula,2015
173085,Ghost Dog: The Way of the Samurai,1999
173086,Savages,2012
173142,The Late Bloomer,2016
173155,The Sisterhood of the Traveling Pants 2,2008
173169,The Point Men,2001
173187,The Man from Earth,2007
173191,House at the End of the Street,2012
173194,Demolition Man,1993
173253,Stardust,2007
173267,Bubble Boy,2001
173282,Land of the Lost,2009
173333,Monty Python and the Holy Grail,1975
173343,Baby's Day Out,1994
173362,RoboCop,1987
173506,Charlie St. Cloud,2010
173510,Mortal Kombat,1995
173513,Roman Holiday,1987
173534,Nice Guys Finish First,1986
173575,Despicable Me,2010
173577,Gokulam,1993
173688,Dredd,2012
173691,Navy SEALs,1990
173709,Anabelle Acosta,
173719,Babe: Pig in the City,1998
173747,The Spanish Prisoner,1997
173768,Think Like a Man Too,2014
173780,Escape to Witch Mountain,1995
173785,Get Hard,2015
173841,List of awards and nominations received by The King's Speech,
173843,Big Fish,2003
173849,Trust the Man,2005
173859,The Minus Man,1999
173868,Final Destination,2000
173889,The Mexican,2001
173899,Wolfman,1979
173904,Chinatown,1974
173915,Pride & Prejudice,2005
173922,I Love Me,2012
173935,The Quick and the Dead,1995
173967,Payback,2010
174019,Memorial Day,2012
174037,Uptown Girls,2003
174038,Total Eclipse,1995
174047,The 13th Floor,1988
174060,The September Issue,2009
174073,Night at the Museum,2006
174079,"I, the Other",2006
174101,Amy,2015
174104,Gigli,2003
174109,Fullmetal Alchemist,
174125,The Reaping,2007
174148,The War of the Roses,1989
174158,Psych-Out,1968
174169,The Sandlot 2,2005
174195,Breathless,1960
174206,Silent Running,1972
174218,Countryman,1982
174228,Wayne's World 2,1993
174263,Once Upon a Time in Mexico,2003
174335,Jack Frost,1998
174336,City of God,2002
174337,Coal Miner's Daughter,1980
174341,Gun Brothers,1956
174392,REC,2007
174394,Wristcutters: A Love Story,2006
174439,Dogma,1999
174457,Cat and Mouse,2003
174475,Anchorman,
174485,"Honey, We Shrunk Ourselves",
174489,"Natasha, Pierre & The Great Comet of 1812",
174490,Iron Moon,2015
174517,Bringing Out the Dead,1999
174518,Frozen Fever,
174545,Wild Things,1998
174560,Choke,2008
174617,A United Kingdom,2016
174626,A Goofy Movie,1995
174680,Happy Valley,2014
174719,The Bourne Identity,2002
174720,What's Love Got to Do with It,1993
174748,Wild America,1997
174755,Father of the Bride,1991
174767,Beauty and the Bestie,2015
174793,30 Minutes or Less,2011
174801,The Night Before,2015
174822,Me Myself I,2000
174867,Snow Dogs,2002
174881,Jane Eyre,1970
174889,Reefer Madness,2005
174910,Hellraiser: Inferno,2000
174924,Two Can Play That Game,2001
174932,&ME,
174934,By the Sea,2015
174940,The Importance of Being Earnest,2011
174946,Super,2010
174951,Absolute Beginners,1986
174953,Fist of the North Star,1986
175009,Two Brothers,2004
175056,Happy Feet Two,2011
175059,Basilisk: The Serpent King,2006
175082,Switchback,1997
175096,Titanic,1997
175102,The Merchant of Venice,2004
175121,The Lego Movie,2014
175124,Jumping for Joy,1956
175165,Kill Bill: Volume 1,2003
175167,Legend,1985
175175,Cyborg,1989
175178,Charlie Bartlett,2007
175190,One Day in September,1999
175195,It's Complicated,2009
175196,Young Sherlock Holmes,1985
175203,Hot Tub Time Machine,
175222,The Alien,2016
175252,Casino Royale,2006
175262,Gun Shy,2000
175282,Fools Rush In,1997
175286,Junglee,1961
175295,Transformers: Revenge of the Fallen,
175308,Public Enemy,2002
175355,Things to Do in Denver When You're Dead,1995
175360,Alvin and the Chipmunks,2007
175397,...And Justice for All,1979
175403,Where to Invade Next,2015
175490,Home and Away,1956
175522,Valerian and the City of a Thousand Planets,2017
175579,Stir Crazy,
175580,While I Was Gone,
175602,Winter's Tale,2014
175646,Addicted,2002
175662,Victoria,2013
175674,Teen Wolf,1985
175695,The Grey,2011
175707,Saw III,2006
175722,Tulip Fever,2017
175744,Tremors 4: The Legend Begins,2004
175751,The Buddy Holly Story,1978
175756,Last Holiday,2006
175781,Sorcerer,1977
175814,Passenger,2009
175836,Ouija,2014
175843,The Lord of the Rings,
175856,Sahara,2005
175925,The Wedding Date,2005
175946,Krull,1983
175967,Next Friday,2000
175969,North by Northwest,1959
175993,Airhawk,1981
176015,The Spectacular Now,2013
176025,Peacock,2010
176027,Serenity,2005
176040,Bicentennial Man,1999
176051,Jack,1996
176075,The Three Stooges Go Around the World in a Daze,1963
176077,Elephant,2003
176083,Van Helsing,2004
176100,The Cable Guy,
176114,The Zombinator,2012
176122,The Spectre of the Bride,1943
176141,Going in Style,1979
176159,The Lad,1935
176163,The Quest,1996
176165,The Cutting Edge,1992
176184,Pride and Prejudice,
176188,The Unmasking,1914
176201,The Man from Planet X,1951
176207,Return to Sender,2004
176230,Henry Gamble's Birthday Party,2015
176237,Gremlins,1984
176243,Body of Lies,2008
176267,Naked Gun 33⅓: The Final Insult,1994
176293,Blue Streak,1999
176312,The Cell,2000
176314,Heat,1995
176326,Fifty Shades Freed,2018
176358,Kite,2014
176366,Sherlock Holmes: A Game of Shadows,2011
176375,The Reckless Moment,1949
176394,Maleficent,2014
176399,The Foreigner,
176412,From Hell,2001
176416,"Yes, Madam",1985
176436,Cosmos,2010
176494,Thor: The Dark World,
176499,The Way He Looks,2014
176516,Elektra,2005
176523,The Boogeyman,1980
176530,Exterminator 2,1984
176541,Music and Lyrics,2007
176542,National Lampoon's Christmas Vacation,1989
176547,Mortal Kombat: Annihilation,1997
176556,Enclosure,1961
176558,The Golden Compass,2007
176562,Beauty and the Beast,2005
176569,The 33,2015
176612,Bad Boys II,2003
176613,The Lego Ninjago Movie,2017
176631,A Very Harold & Kumar 3D Christmas,2011
176638,Timeline,2003
176641,The Omen,1976
176645,"See No Evil, Hear No Evil",1989
176692,Keeping Up with the Joneses,2016
176702,The Nice Guys,2016
176726,The Deep Six,1958
176763,Nightcrawler,2014
176772,Wafa: A Deadly Love Story,2008
176777,The Friends of Eddie Coyle,1973
176800,King Kong,1976
176812,Light It Up,1999
176824,The Tourist,2010
176848,Sid and Nancy,1986
176922,Throw Momma from the Train,1987
176962,The Best Man Wins,1910
176971,Ruby Bridges,1998
177035,The Hunger Games: Mockingjay – Part 1,2014
177037,That's Life!,1986
177054,Baby Boy,2001
177108,The Lord of the Rings: The Two Towers,2002
177110,Anastasia,1997
177112,Wedding Crashers,2005
177123,Surrogates,2009
177160,Justice League,2017
177193,Kung Fury,2015
177194,New Kids Turbo,2010
177213,Madea's Big Happy Family,2011
177218,Tyson,1995
177227,Airheads,1994
177261,The Caddy,1953
177270,The Wicker Man,2006
177276,Bad Santa,2003
177283,The 41-Year-Old Virgin Who Knocked Up Sarah Marshall and Felt Superbad About It,
177321,The Horse Whisperer,1998
177325,Fighting,2009
177341,Romy and Michele's High School Reunion,
177359,Battlestar Galactica: Razor,
177376,Nothing to Lose,2002
177384,Paradise Lost: The Child Murders at Robin Hood Hills,1996
177387,Batman Revealed,2012
177412,Egypt as it Was in the Time of Moses,1912
177441,Hannibal Rising,2007
177445,Happy Together,1989
177454,Menace II Society,1992
177468,Big Mama,2000
177481,Island of the Dead,2000
177541,The Witness,2000
177580,War on Everyone,2016
177581,My Woman,1933
177588,X-Men: Days of Future Past,2014
177605,Elizabeth: The Golden Age,2007
177620,Angel Heart,1987
177658,Amores perros,2000
177667,Jenny's Wedding,
177677,The Firm,1993
177721,Mysterious Skin,2004
177724,Her Majesty,2001
177725,Jarhead 2: Field of Fire,
177735,Maniac,2012
177747,Fear and Loathing in Las Vegas,1998
177764,The Wedding Planner,2001
177779,Naughty Professor,2012
177813,Varsity Blues,1999
177865,The Dictator,2012
177880,What Happens in Vegas,2008
177885,She's the One,2013
177886,Wedding Daze,2004
177898,Selena,1997
177915,Uncle Buck,
177921,The Sixth Battalion,1998
177922,Ratatouille,2007
177979,The Godfather Part II,1974
177980,The Attic,2007
177992,Electra,1962
177994,He Named Me Malala,2015
178015,Gridiron Gang,2006
178017,Our Kind of Traitor,2016
178032,Moonlight,2002
178033,White Noise: The Light,2007
178056,Teaching Mrs. Tingle,1999
178068,Abraham & Lincoln,2007
178093,Henry: Portrait of a Serial Killer,1986
178096,There's Something About Mary,1998
178111,Tales from the Darkside: The Movie,1990
178136,Wyatt Earp,1994
178142,Spotlight,2015
178170,Sleeping with Other People,2015
178234,Star Trek: The Motion Picture,1979
178258,Solo,2008
178278,Dog Day Afternoon,
178291,Coma,2009
178317,Midnight Express,1978
178331,The Life Aquatic with Steve Zissou,2004
178409,Hop,2011
178413,Run for Money,1999
178414,The Way of the Gun,2000
178427,Creature,1985
178441,The Worst of Faces of Death,1987
178456,Wonder Woman,2009
178458,The Grand Budapest Hotel,2014
178464,Michael Jackson's This Is It,2009
178467,Girl with a Pearl Earring,2003
178472,Big Daddy,1999
178478,Finding Me,2009
178482,Captain America: The Winter Soldier,
178496,Something Ventured,2011
178502,Ted,2012
178509,Casanova,2005
178557,Battle of Britain,1969
178563,Innerspace,1987
178595,Selma,2014
178604,The Evil Dead,1981
178606,Bright Angel,1990
178620,The New Guy,2002
178624,Behind the Mask,2006
178646,Octopussy,1983
178682,Wes Craven's New Nightmare,1994
178686,Blowup,1966
178694,The Big Hangover,1950
178711,Sleepless in Seattle,1993
178715,The Jungle Book,2016
178784,Godsend,2004
178813,Fury,2014
178823,Death Race 2,
178835,If I Stay,2014
178842,The Witches,1990
178849,"Double, Double, Toil and Trouble",
178852,Highlander: The Source,2007
178853,Repo Man,1984
178885,Basic Instinct,1992
178895,Warm Bodies,2013
178925,The Wolf,1916
178927,Minority Report,2002
178933,Congo,1995
178938,Street Kings,2008
178948,Four Christmases,2008
178950,The Wolf of Wall Street,2013
178953,The Bewitched Inn,
178984,Wind River,2017
178993,Scouts Guide to the Zombie Apocalypse,2015
179009,Barbershop 2: Back in Business,2004
179035,Glee: The 3D Concert Movie,2011
179037,To Die For,1989
179039,The Conversation,1974
179066,Roma,1972
179081,Law Abiding Citizen,2009
179084,Suspect Zero,2004
179112,Boxing Helena,1993
179126,Untamed Heart,1993
179146,Longshot,2001
179153,Dance Star,2010
179172,Dead Man's Shoes,2004
179217,Ride,2012
179242,Gnomeo & Juliet,2011
179260,Home,2016
179294,Puppet Master,1989
179318,A History of Violence,2005
179322,Perfect Sense,2011
179359,Transporter 2,2005
179369,Dumplings,2004
179378,Lo,2009
179383,Hobo with a Shotgun,2011
179407,Sin City: A Dame to Kill For,2014
179420,The Gingerdead Man,2005
179426,Senna,2010
179438,The Devil's Advocate,1997
179468,Creep 2,
179475,You Can Count On Me,2000
179478,"Henry: Portrait of a Serial Killer, Part II",1996
179485,Starship Troopers,1997
179500,Wishmaster,1997
179506,Ip Man,2008
179514,Stay,2013
179536,Spartacus,1960
179541,Take This Waltz,2011
179550,Gunsmoke,1953
179569,Wayne's World,1992
179596,Species,1995
179616,Megamind,2010
179618,Hercules,2014
179624,Wiener-Dog,2016
179631,Drop Zone,1994
179662,Event Horizon,1997
179717,The Beast,1996
179731,Fear,1990
179735,Amanda Knox: Murder on Trial in Italy,
179739,Scent of a Woman,1974
179770,Dead Man Walking,1995
179799,Problem Child,1990
179806,Sicario,2015
179834,The Eagle,2011
179845,National Velvet,
179882,Small Soldiers,1998
179884,Kung Fu Panda 2,2011
179887,A Good Marriage,2014
179909,Sabrina the Teenage Witch,
179926,Creature from the Black Lagoon,1954
179943,Moon,2009
179956,Altered States,1980
180005,My Little Pony: The Movie,2017
180007,Man of the House,1995
180012,Madea's Witness Protection,2012
180018,Finding Neverland,2004
180021,Predestination,2014
180024,La Cage aux Folles,1978
180029,Wanted,2015
180063,The Man Who Wasn't There,1987
180109,Poultrygeist: Night of the Chicken Dead,2006
180116,Norma Rae,1979
180122,Across the Universe,2007
180131,The Freshman,1990
180147,Easter Parade,1948
180213,Désirée,1954
180218,The Big Chill,1983
180224,The Cabin in the Woods,
180230,The Benchwarmers,2006
180231,Conjuring,
180235,Super8,
180251,Tombstone,1993
180316,Mary Magdalene,
180357,The Words,2012
180386,Tomorrow Never Dies,1997
180389,On Chesil Beach,
180414,The Final Cut,2004
180416,The Fantastic Four,
180423,Balto,1995
180437,Beetlejuice,1988
180443,The Circle,2015
180446,The Boy in the Plastic Bubble,1976
180482,The Green Inferno,2013
180495,9-Man,2014
180527,Jaws,1975
180529,Cool Hand Luke,1967
180541,The Haunting of Hell House,1999
180572,Fallen,2016
180575,Goodnight Mommy,2014
180600,He's Just Not That Into You,
180620,PT 109,1963
180627,The Frozen Ground,2013
180639,City on Fire,1979
180648,The Abyss,1988
180650,Escape,1940
180695,November Criminals,
180728,Apocalypse Now,1979
180771,Pervert Park,2014
180808,The Santa Clause,1994
180818,The Seven Five,
180899,National Treasure,2004
180904,Soul Food,1997
180926,The 40-Year-Old Virgin,2005
180970,Summer Holiday,1963
181028,My Cousin Rachel,2017
181065,Gulliver's Travels,2010
181069,Resident Evil: The Final Chapter,2016
181070,Star Trek: Nemesis,2002
181072,The Apartment,1960
181077,Needful Things,1993
181078,My Neighbors the Yamadas,1999
181090,A Madea Christmas,2013
181097,Misery,1990
181102,Wolf Children,
181152,USS Indianapolis: Men of Courage,
181161,Rockstar,2011
181183,Eat Drink Man Woman,1994
181193,Stay,2005
181284,Wild Horses,2015
181299,The Shawshank Redemption,1994
181301,Billy Madison,1995
181302,Windtalkers,2002
181305,Piranha 3DD,2012
181316,The Boogeyman,2010
181317,Aliens vs. Predator: Requiem,2007
181327,The Devil's Candy,2015
181370,Batman,1989
181400,American Outlaws,2001
181403,The Haunted World of El Superbeasto,2009
181409,Bad Taste,1987
181414,Waiting for Armageddon,2009
181447,Blood Red,
181458,Go West,1940
181470,They Came Together,2014
181511,Frantic,1988
181540,The Firm,
181543,Brigadoon,1954
181546,Mission: Impossible – Rogue Nation,2015
181561,The Thirteenth Floor,1999
181578,Judgement Day,2013
181581,Cromwell,1970
181585,Step Up 3D,2010
181609,Safe Haven,2013
181617,Nine Months,1995
181658,Rango,2011
181664,Interview with the Vampire,
181674,Darkest Hour,2017
181683,Felon,2008
181715,Logan,2017
181716,Honey 2,
181741,Transformers: Revenge of the Fallen,2009
181754,Cowboy Bebop: The Movie,2001
181769,The Matrix Revolutions,2003
181776,Taken 2,2012
181795,That's My Boy,2012
181848,Nightwatch,1997
181849,Diamonds Are Forever,1971
181852,Extras,2001
181859,The Boy,2015
181896,Love at First Bite,1950
181929,The Fisher King,1991
181941,Fist of Fury,1972
181949,Flyboys,2006
181952,Tangerine,2015
181960,Antichrist,2009
181981,Quints,
181986,Damsel,2017
181996,The Godfather Saga,1977
182022,,2007
182070,The Scout,1994
182104,Joe,2013
182128,Batman & Robin,1997
182132,Grave of the Fireflies,1988
182153,A Christmas Horror Story,2015
182157,Taken 3,2014
182174,Wild Hogs,2007
182190,Jumpin' Jack Flash,1986
182195,Rumble in the Bronx,1995
182211,Housebound,2014
182236,The Nutty Professor,1996
182244,The Fabulous Dorseys,1947
182253,Letters from War,2016
182269,The Family That Preys,2008
182279,Hinterland,2015
182281,Day & Night,2010
182282,Fastest,2011
182286,Next of Kin,1984
182296,Deathmaker,1995
182298,Boyka: Undisputed,
182301,Collateral,2004
182318,The Boxtrolls,2014
182334,Ewoks: The Battle for Endor,
182404,The Black Panther,1977
182449,Odd Thomas,2013
182465,True Memoirs of an International Assassin,
182498,Shot Caller,
182501,GMO OMG,2013
182502,Hard to Kill,1990
182522,Storks,
182525,Bachelorette,2012
182531,Belly,1998
182555,Mother,2009
182567,Shoot 'Em Up,2007
182596,La Bamba,1987
182622,Hot Shots!,1991
182644,"Legally Blonde 2: Red, White & Blonde",2003
182647,DC Showcase: Catwoman,
182661,Laura,1944
182669,The Assassination of Jesse James by the Coward Robert Ford,2007
182674,Star Trek,2009
182681,College,2008
182683,Bowfinger,1999
182690,Goosebumps,2015
182695,Lamb,2015
182697,Romancing the Stone,1984
182709,Seven,1995
182712,The Wizard of Oz,1950
182731,Inside Out,2015
182743,Red River,1948
182752,D2: The Mighty Ducks,1994
182781,Close Encounters of the Third Kind,1977
182785,The Man in the Iron Mask,1985
182792,The Raid,2011
182814,Ghost Story,1981
182816,Dark Places,2015
182829,Wild Canaries,2014
182858,The Witch,2015
182881,30 Days of Night,2007
182905,Cheaper by the Dozen,1950
182952,Witness,1988
182957,The Photographer,2000
182960,Shaun of the Dead,2004
183014,"Liar, Liar",1993
183050,Lucy,2014
183056,The Big Lebowski,
183086,Leprechaun 2,1994
183091,Deuce Bigalow: Male Gigolo,1999
183099,Life Is Beautiful,1985
183121,X-Men,2000
183130,When the Levees Broke,
183135,Meet the Spartans,2008
183136,Snowglobe,
183151,Ginger Snaps,2000
183169,Resident Evil,2002
183184,Mama,2013
183189,Mr. Bean's Holiday,2007
183249,Monsters University,2013
183251,"Six Days, Seven Nights",1998
183293,The Dead Zone,1983
183296,Beer for My Horses,2008
183308,Neram,2013
183315,Dad's Army,2016
183330,Breaking Dawn,2004
183365,Cry-Baby,1990
183380,Supergirl,1984
183402,Fright Night,1985
183422,Cabin Fever,2000
183459,28 Days,2000
183480,Tinker Bell and the Lost Treasure,
183547,The Boy in the Striped Pyjamas,2008
183551,Nosferatu,1922
183582,Spectre,2015
183590,Star Wars Uncut,2010
183603,Robin Hood,2010
183622,London Has Fallen,2016
183631,Dear Zachary: A Letter to a Son About His Father,2008
183650,Lethal Weapon,
183672,The Rover,2014
183695,Displaced,2010
183706,The Philadelphia Experiment,1984
183720,Bad Company,2002
183756,Hero,2002
183768,The New Ten Commandments,2008
183771,Now You See Me,2013
183777,Legally Blondes,2009
183805,Chasing Amy,1997
183820,Hunger,2001
183824,Being John Malkovich,1999
183830,The Music Man,1962
183910,Purge,2012
183917,Mechanic: Resurrection,2016
183943,The Finest Hours,2016
183946,Bastille Day,2016
183951,Tinker Bell,
184001,Michael Jackson's Thriller,1983
184019,Moving,1988
184022,Transporter 3,2008
184051,Maid in Manhattan,
184069,FeardotCom,2002
184089,X-Men Origins: Wolverine,2009
184098,Guardians of the Galaxy,2014
184101,Stagecoach,1939
184112,Fearless,2006
184116,L'Amour,1973
184125,The Princess Diaries,2001
184134,Last Chance Harvey,2008
184206,The Hot Chick,2002
184261,Splice,2009
184277,Domestic Disturbance,2001
184315,The Greatest Show on Earth,1952
184318,The Diary of Anne Frank,1980
184340,Dracula,1958
184350,The Fundamentals of Caring,2016
184357,Rock Dog,
184376,The Last Song,
184415,The Demons,2015
184418,Get Out,2017
184432,Brüno,2009
184446,The Pink Panther,2006
184451,Because of Winn-Dixie,2005
184464,Homeward Bound: The Incredible Journey,1993
184479,Saw IV,2007
184498,Raise the Red Lantern,1991
184509,Hotel for Dogs,
184523,Curly Sue,1991
184571,Star Wars Holiday Special,
184595,The Blue Kite,1993
184603,Princess Tyra,2007
184605,The Jerk,1979
184606,The Princess Blade,2001
184648,The Little Rascals Save the Day,
184686,Cooties,2014
184691,Driving Miss Daisy,1989
184696,The Phenom,2016
184738,Lost in Space,1998
184758,Jersey Girl,2004
184782,I've Lost My Husband!,1937
184818,Before Sunset,2004
184870,Twins,1988
184883,Plan 9 from Outer Space,1959
184885,A Haunted House 2,2014
184925,The Borrowers,1997
184951,Scream,1996
185009,My Fair Lady,1964
185017,Latter Days,2003
185021,Alien 3,1992
185027,Murder in the Hamptons,
185051,The Bridesmaid,2004
185055,Seed of Chucky,2004
185057,The Last Contract,1998
185065,Election,1999
185066,The Apartment,1996
185092,The Place Beyond the Pines,2012
185117,Bim,1974
185139,The Notebook,2004
185155,Deuce Bigalow: European Gigolo,2005
185160,Murder-Set-Pieces,2004
185171,The Conjuring,2013
185179,Take Me Home Tonight,
185192,Macbeth,2015
185197,Hunt for the Wilderpeople,2016
185212,Hannibal,2001
185342,Challenge to Lassie,1949
185343,Merlin,2016
185350,Rampage,2009
185356,The Absent-Minded Professor,1961
185366,Missing Women,1951
185367,Grand Canyon,1958
185407,Another Earth,2011
185445,Kiss Kiss Bang Bang,2005
185459,Return to the Blue Lagoon,1991
185493,The Naked Gun 2½: The Smell of Fear,1991
185529,Loverboy,2011
185587,King Arthur: Legend of the Sword,2017
185637,The Good Shepherd,2006
185656,The Wedding Ringer,2015
185670,Nan Love Track,2016
185671,500 Days of Summer,
185684,A Good Year,2006
185699,Ladyhawke,1985
185733,Babe,1995
185736,The Hawaiians,1970
185781,River Queen,2005
185850,Kung Pow! Enter the Fist,2001
185851,What a Lie,
185863,Dogs,2016
185878,A,1998
185904,Mama,1990
185912,My Best Friend's Wedding,2016
185919,All About Anna,2005
185936,Seventeen,1916
185937,Journey of Hope,1990
185954,The Jungle Book,1967
186002,Haven,2004
186006,Black Sheep,2006
186014,First Knight,1995
186021,In the Mood for Love,2000
186096,Mean Streets,1973
186139,Say Anything...,1989
186145,Ride,2014
186190,The Theory of Everything,2006
186192,Shaolin Soccer,2001
186228,Hotel Rwanda,2004
186271,Four Weddings and a Funeral,1994
186273,Empire Records,1995
186308,Dead Man Running,2009
186352,Enough,2002
186379,The Petrified Forest,1936
186393,G.I. Blues,1960
186421,Train to Busan,2016
186461,The Devil's Own,1997
186465,Honey,2003
186485,Silver Streak,1976
186486,Frances Ha,2012
186495,The First Monday in May,
186512,To,1964
186519,The Swan Princess,1994
186537,The Good Guys,
186584,Susan Slept Here,1954
186620,Help!,1965
186630,Pirates of the Caribbean: The Curse of the Black Pearl,2003
186635,Amélie,2001
186644,The Young Offenders,2016
186689,Tubelight,
186704,Dreamer,2005
186732,The Crow,1994
186741,Inside Man,2006
186743,Kid Blue,1973
186744,The Zodiac,2005
186772,Joyeux Noël,2005
186828,War of the Worlds,2005
186901,The Glass House,2001
186903,Return of Sabata,
186946,Why%3F,1987
186961,Doctor Who: Thirty Years in the TARDIS,
186968,Masks,1929
186972,Unmistaken Child,2008
186975,Our Vines Have Tender Grapes,1945
186989,Hitman: Agent 47,2015
187028,It,2017
187061,Identity Thief,2013
187075,The Heart of Me,2002
187099,The Bishop's Wife,1947
187102,Mary Poppins,1964
187111,The Comedian,2016
187141,The Last Stand,2013
187147,The Third Man,1949
187181,Stolen,2012
187185,Edges of Darkness,2008
187205,Dirty Dancing,
187213,Popstar: Never Stop Never Stopping,2016
187222,I Spit on Your Grave 2,2013
187253,Roman Holiday,1953
187261,The Godfather Part III,
187274,Lemony Snicket's A Series of Unfortunate Events,2004
187280,Voices of Spring,1933
187291,The Sorcerer's Apprentice,2010
187310,The Lord of the Rings: The Fellowship of the Ring,2001
187344,Apollo 18,2011
187358,The Unsinkable Molly Brown,1964
187366,Hawking,2004
187373,To Die For,1995
187422,The Boss,2016
187447,Pretty When You Cry,2001
187537,Hitman,1997
187540,Ghosts of Mars,2001
187554,Joy Ride,2000
187558,Nightclub School Hospital,2012
187563,The Hunt for the BTK Killer,
187566,Ace Ventura: When Nature Calls,1995
187573,The Woman in the Window,
187645,Fullmetal Alchemist: Brotherhood,
187682,Rudolph the Red-Nosed Reindeer: The Movie,1998
187714,Me Before You,
187738,Temptation: Confessions of a Marriage Counselor,2013
187758,Brick,2005
187763,Above the Law,1988
187778,Liar Liar,1997
187785,300: Rise of an Empire,2014
187787,Universal Soldier,1992
187796,Madea's Family Reunion,2006
187843,Manhunt,2008
187845,Pound of Flesh,2015
187879,The Blair Witch Project,1999
187888,Hollow Man,2000
187890,Little Black Book,
187904,Horsemen,2009
187912,Toni,1928
187920,Bedevilled,2010
187932,Splinter,2008
187952,Pride and Prejudice and Zombies,2016
188003,Austenland,2013
188038,Swan,2011
188047,A Bronx Tale,1993
188057,Mission: Impossible,1996
188060,Ghost in the Shell: Arise,
188081,Forgotten,2013
188094,Reality Bites,1994
188102,Master and Commander: The Far Side of the World,2003
188107,Klute,
188155,Kiss the Girls,1997
188165,Source Code,2011
188168,Drive,2011
188192,No Strings Attached,2010
188211,The Legend of 1900,1998
188218,Jackie,2016
188224,Beauty and the Beast,1934
188225,Beloved,1998
188260,Rites of Passage,1999
188293,Trees Lounge,1996
188302,Ever After,1998
188311,The Faculty,1998
188316,Broken Arrow,1950
188383,Dallas Buyers Club,2013
188446,World's Greatest Dad,2009
188451,Mrs Brown,1997
188465,Oceans,2009
188474,Son in Law,1993
188480,Dirty Harry,1971
188493,Serena,2014
188514,Of Gods and Men,2010
188522,Christmas Eve,2015
188523,The Secret of My Success,1965
188598,The Bourne Legacy,
188619,"Casablanca, Casablanca",1985
188656,The Help,2011
188683,The Karate Kid,2010
188779,The House,2017
188780,Tangled,2010
188802,One Wild Moment,2015
188808,Schindler's List,1993
188831,Cowboy,1958
188842,Home Alone 2: Lost in New York,1992
188846,Josette,1938
188881,Players,2012
188939,Hitch,2005
188949,Jin-Roh: The Wolf Brigade,
188956,Gone Fishing,2008
189020,I Saw the Devil,2010
189024,Joseph: King of Dreams,
189038,Freelancers,2012
189041,Ho!,1968
189048,Love & Other Drugs,2010
189066,Getaway,2013
189070,Rob the Mob,2014
189074,Logan Lucky,2017
189079,Pacific Rim,
189134,Percy Jackson: Sea of Monsters,
189140,Short Circuit,1986
189219,The Breakfast Club,1985
189226,The Autopsy of Jane Doe,2016
189236,Our Family Wedding,2010
189243,The Single Moms Club,2014
189266,Disturbia,2007
189287,13 Assassins,2010
189294,The Man with Two Brains,1983
189303,Resident Evil: Damnation,2012
189311,The Witches of Eastwick,1987
189328,Evan Almighty,2007
189349,Her,2013
189380,The Flying Nun,
189381,Dracula,1931
189403,Striptease,1996
189406,Domino,2005
189484,Cinderella,
189494,Predator,1987
189495,A Home of Our Own,1993
189504,The Scream,1993
189519,Saint Ange,2004
189531,The Queen,2006
189569,You Were Never Here,
189581,Everyday I Love You,2015
189582,Wet Hot American Summer,2001
189584,The Beastmaster,1982
189588,Watership Down,1978
189592,Half Baked,1998
189613,Ray,2004
189627,The Wiz,1978
189705,Stripes,1981
189789,Batman,1966
189804,Dirty Grandpa,2016
189820,The Founder,2016
189854,The Girl with All the Gifts,2016
189887,Dawn of the Dead,2004
189907,The Black Cauldron,1985
189950,Frequency,2000
189968,Revenge of the Bridesmaids,
189988,The Substitute,1996
189991,Gods of Egypt,2016
190018,Diary of a Wimpy Kid,2010
190024,Labyrinth,1986
190037,End of Watch,2012
190076,Abbott and Costello Meet Frankenstein,1948
190085,The Bodyguard,1992
190094,Night of the Demons,1988
190147,Romeo & Juliet,2013
190170,The Grudge,2004
190174,The Village,2015
190181,Scary Movie 5,2013
190200,Swindle,2013
190210,Dragonheart: A New Beginning,2000
190214,Happiness,2016
190244,Our Town,1940
190246,The Prince of Egypt,1998
190247,Good Deeds,2012
190267,Hard Candy,2005
190275,Larry the Cable Guy: Health Inspector,2006
190285,Good Will Hunting,1997
190288,Pride,2014
190292,The Road to El Dorado,2000
190332,Samsaram Oka Chadarangam,1987
190333,The Square,2017
190381,Little Men,2016
190392,The Boston Strangler,1968
190399,La Dolce Vita,1960
190401,The Dark Valley,2014
190402,An American Tail,
190418,Ace Ventura: Pet Detective,1994
190432,The Day of the Jackal,1973
190434,Gasland,2010
190445,Cocktail,1988
190458,Planes,2013
190466,Bunny,2005
190468,An Affair,1998
190479,Time,2006
190493,The Italian,2005
190498,Dora the Explorer: Dora Saves the Snow Princess,
190517,Cube Zero,2004
190538,Extract,
190543,Lost in Translation,2003
190590,Happy Feet,2006
190639,2016: Obama's America,2012
190659,Hostel,2013
190661,Big Trouble in Little China,1986
190662,The Paper,1994
190692,Cars 2,2011
190693,The Smurfs,2011
190727,The Host,2006
190729,Under the Skin,2013
190758,Winnie-the-Pooh Pays a Visit,1971
190814,Pitch Perfect,2012
190837,The Great Gatsby,2013
190844,Eti,2008
190919,Free Willy,1993
190948,She-Man,1967
190953,Nutty Professor II: The Klumps,2000
190999,Without Permission,2012
191005,The Maltese Falcon,1931
191015,Rocky,2013
191025,The Beatles: Eight Days a Week,
191051,Confess,2005
191071,One Crazy Summer,1986
191085,The Sixth Commandment,1924
191090,Prime,2005
191092,The Best Man Holiday,2013
191109,Arthur,2011
191145,The Wall,2012
191200,The Commuter,2017
191205,Office Space,1999
191225,Return of the Living Dead Part II,1988
191242,Breaking and Entering,2006
191270,The Bank Job,2008
191285,Nowhere to Run,1993
191286,The Mummy,1932
191297,The Abyss,1989
191316,Idiocracy,2006
191320,Rise of the Guardians,2012
191342,Snow Day,2000
191347,Xanadu,1980
191375,Barton Fink,1991
191403,Dirty Wars,2013
191421,Galaxy Quest,1999
191440,Shallow Hal,2001
191480,Shazam!: The Return of Black Adam,
191503,Mac and Me,1988
191514,Transformers: Age of Extinction,2014
191564,The Cove,2009
191602,Waking Life,2001
191625,Love at Sea,1936
191637,Urban Legend,1998
191667,Sunshine Love,
191672,Life,1999
191690,Rock Star,2001
191759,"Silent Night, Deadly Night Part 2",1987
191763,The Devil Inside Me,2011
191777,Absentia,2011
191798,She's the Man,2006
191818,The Cake Eaters,2007
191819,Waterloo,1929
191828,The Tale of Sweeney Todd,
191834,Percy Jackson & the Olympians: The Lightning Thief,
191853,Hair,1979
191874,The Sea Wolves,1980
191881,Last of the Dogmen,1995
191892,Magic,1978
191911,Man on Wire,2008
191913,Elvis & Nixon,2016
191932,Notting Hill,
191945,The Love Bug,1968
191947,Southpaw,2015
191956,The Bridge,2006
191985,The Leopard,1963
192020,Fifty Shades Darker,2017
192030,My Big Fat Greek Wedding,2002
192035,Austin Powers,
192045,Gone Fishing,2012
192060,Nights in Rodanthe,2008
192063,The Returned,2013
192120,A Silent Voice,2016
192131,American Pie,
192160,Southland Tales,2006
192172,Battle of Los Angeles,2011
192185,The Great Outdoors,1988
192193,The Whole Truth,2016
192201,The Arrow,1996
192264,All Good Things,2010
192311,BearCity 2: The Proposal,2012
192326,Bad News Bears,2005
192381,Mary Queen of Scots,2013
192420,Weird Science,1985
192431,Zack and Miri Make a Porno,2008
192443,Wild,2014
192459,Toy Story That Time Forgot,
192461,Brighton Beach Memoirs,1986
192470,Titanic II,2010
192509,The Incident,1967
192538,A Shot in the Dark,1964
192556,Straight Outta Compton,2015
192586,Becoming Jane,2007
192609,Singles,1992
192637,Bedknobs and Broomsticks,1971
192640,My Life as a Dog,1985
192647,The Tooth Fairy,2006
192731,We Need to Talk About Kevin,2011
192734,Eight Crazy Nights,2002
192743,Backtrack,2015
192791,The Family Man,2000
192810,The Happening,2008
192815,Tropic Thunder,2008
192918,The Man from U.N.C.L.E.,2015
192919,The Hangover,
192975,The Book of Eli,2010
192989,Ben,1972
192990,"Honey, I Blew Up the Kid",1992
193004,Birth of the Dragon,2016
193005,Fracture,2007
193032,Doctor Dolittle,1967
193034,Stargate,1994
193037,A Knight's Tale,2001
193041,Vanilla Sky,2001
193059,Role Models,2008
193109,Space Jam,1996
193114,Forgetting June,2013
193141,Mulan II,
193160,...When Love Happens,2014
193166,Whiplash,2014
193168,Rush Hour,1998
193179,Kickboxer,1989
193213,A.I. Artificial Intelligence,2001
193220,The Ring,1996
193221,Eragon,2006
193240,Night of the Creeps,1986
193257,Boyhood,2014
193272,Ironclad,2011
193291,Captain Phillips,2013
193302,Bringing Up Baby,1938
193309,Fred Claus,2007
193321,The Signal,2007
193346,Wag the Dog,1997
193368,The Lord of the Rings,1978
193372,The Muse,2011
193388,Zookeeper,2011
193391,Captain Voyeur,1969
193404,Picture Perfect,1997
193433,Howard the Duck,1986
193446,G.I. Joe,
193460,The Bone Collector,1999
193472,Silverado,1985
193514,Boys on the Side,1995
193523,Copycat,1995
193580,The Big Bus,1976
193587,Fighting,2014
193591,Escape from Alcatraz,1979
193627,Lords of Dogtown,2005
193628,Blade: Trinity,2004
193658,2012,2009
193660,Deathtrap,1982
193669,True Love,2002
193672,Beverly Hills Cop III,1994
193702,Dirty Tennis,
193710,Ice Cold in Alex,1958
193711,Road Trip,2000
193732,Superfast!,2015
193742,Phantasm,1979
193754,The Longest Yard,2005
193762,Fist Fight,2017
193821,Waterworld,1995
193822,The Getaway,1972
193833,It Happened One Night,1934
193835,Only Angels Have Wings,1939
193842,Marmaduke,2010
193845,Waiting,2007
193868,Gun Fury,1953
193871,How High,2001
193894,Pan,2015
193916,Everest,2015
193918,Murder by Numbers,2002
193922,Young Adult,2011
193971,Run All Night,2015
194001,Walking Tall,2004
194035,1408,2007
194044,Looper,2012
194047,Catch and Release,2006
194052,Mosquito,1995
194059,The Stranger,2010
194069,Aba,2008
194088,How to Become a Criminal Mastermind,
194126,Capturing Bad Bill,1915
194147,Carrie,1976
194157,Hidden Figures,2016
194177,Get a Job,2016
194202,The Land Before Time,1988
194213,Runaway Train,1985
194237,Shutter Island,2010
194248,Cats & Dogs: The Revenge of Kitty Galore,2010
194251,The Taking of Deborah Logan,2014
194252,Deliverance,
194253,Footloose,1984
194272,Walk Hard: The Dewey Cox Story,2007
194285,Secret,2007
194317,Drishyam,2015
194336,Cut,2000
194337,Fire in the Sky,1993
194349,Marathon Man,1976
194412,The Sword in the Stone,
194438,Beastly,2011
194450,Bugs Bunny in Space,
194469,The Score,2001
194520,Centurion,2010
194556,Tucker & Dale vs. Evil,2010
194580,Moscow on the Hudson,1984
194583,Twilight,2008
194600,Notebook,
194603,The Split,1968
194607,The Mist,2007
194608,Planet of the Apes,1968
194609,Overboard,1987
194621,The Trouble with Harry,1955
194648,Snow White and the Huntsman,2012
194704,Get on Up,2014
194746,The Longest Yard,1974
194756,Mo' Money,1992
194784,About a Boy,2002
194808,Hope Floats,1998
194829,Shriek If You Know What I Did Last Friday the Thirteenth,2000
194835,The Taming of the Shrew,
194836,The Sixth,1981
194869,The Bronze,2015
194891,The Meteor Man,1993
194905,The Machine Girl,2008
194919,Rise of the Gargoyles,
194965,Twister,1996
194966,Star Wars: The Force Awakens,2015
194975,The St. Valentine's Day Massacre,1967
194977,Stepmom,1998
194987,Clear and Present Danger,1994
195004,Killer Klowns from Outer Space,1988
195012,10 Things I Hate About You,1999
195022,Samsara,2001
195028,Bundle of Joy,1956
195045,Vicky Cristina Barcelona,
195049,Mastermind,1976
195084,Funny Things Happen Down Under,1965
195089,Land of the Dead,2005
195117,American Graffiti,1973
195126,Patton,1970
195134,Mission: Impossible II,2000
195148,Poltergeist,1982
195234,"Girl, Interrupted",1999
195261,Fame,1980
195276,Zatoichi on the Road,1963
195280,The Angriest Man in Brooklyn,2014
195284,Dark House,2009
195313,Lolita,1962
195347,Madame,2017
195424,The Karate Kid,1984
195447,Blade,1998
195484,The Foreigner,
195497,Vantage Point,2008
195498,Evil Dead II,1987
195523,The 13th Warrior,1999
195574,The Adventures of the Red Airplane,2014
195575,The Great Gatsby,1949
195603,Are We There Yet%3F,2005
195662,"Bell, Book and Candle",1958
195667,Volver,2006
195675,The Light Between Oceans,2016
195687,The Pelican Brief,
195755,Roxanne,1987
195757,Son of God,2014
195759,Son of the Mask,2005
195773,Flicka,2006
195791,Dragon Ball Z: Fusion Reborn,
195828,When Harry Tries to Marry,2010
195837,Ip Man 2,2010
195867,Gordy,1995
195886,Breathe,2009
195902,Dunkirk,1958
195904,Charlie's Angels,
195918,Chances: The Women of Magdalene,2006
195919,Big Blue Lake,2011
195922,Easy Money,2010
195979,Baby Driver,2017
196036,Analyze This,1999
196038,Paradise,2011
196058,The Amazing Spider-Man,2012
196085,Spiders 3D,2013
196132,August Rush,2007
196209,The Thinning,
196230,Risen,2016
196303,The Bite,1966
196327,Married to the Mob,1988
196329,Broken City,2013
196336,Scarface,1983
196366,Sinister,2012
196391,The Pursuit of Happiness,1934
196399,Insidious,2010
196413,Fantasia,2004
196450,Two for the Road,1967
196460,Remember the Titans,2000
196464,A Day in the Death of Donny B,1969
196478,"The Chronicles of Narnia: The Lion, the Witch and the Wardrobe",2005
196481,Sixteen Candles,1984
196498,R.I.P.D.,2013
196529,Fahrenheit 451,1966
196668,Mission: Impossible – Ghost Protocol,2011
196692,One Flew Over the Cuckoo's Nest,1975
196743,Tiger,2015
196756,Marvel Super Heroes 4D,
196757,Earth to Echo,2014
196809,The Purge: Anarchy,2014
196824,Lovers Like Us,1975
196829,Let's Scare Jessica to Death,1971
196833,Pumpkinhead,1988
196846,Bride and Prejudice,2004
196869,Jurassic Shark,2012
196900,High Tension,2003
196944,Pale Rider,1985
196951,Men of Honor,2000
196957,Personal Shopper,2016
197037,Garfield Gets Real,2007
197041,The Naked Gun: From the Files of Police Squad!,1988
197048,¡Three Amigos!,1986
197052,Revolutionary Road,2008
197073,Good Cheer,1926
197079,Limitless,2011
197086,Salmon Fishing in the Yemen,2011
197111,Signs,2008
197127,Agent Cody Banks,2003
197128,Ordinary People,1980
197133,"Lock, Stock and Two Smoking Barrels",1998
197144,Harsh Times,2005
197155,Superman Returns,2006
197170,The In-Laws,2003
197186,Creature of the Walking Dead,1965
197190,Monty Python's Life of Brian,1979
197200,Airplane!,1980
197213,Interstellar,2014
197236,Changing Lanes,2002
197243,The King and I,1956
197244,Summer of Sam,1999
197245,Exposed,2016
197257,Jackass Presents: Bad Grandpa,2013
197287,Superman: Unbound,2013
197292,Beyond a Reasonable Doubt,2009
197303,Hatchet,2006
197304,The Ex,2006
197322,Fried Green Tomatoes,1991
197345,A Chorus Line,1985
197388,Hide and Seek,2007
197405,Zero Dark Thirty,2012
197410,A Good Day to Die Hard,2013
197414,Invasion of the Body Snatchers,1956
197438,Promised Land,2012
197481,Australia,2008
197498,Field of Dreams,1989
197564,Sister,2015
197580,Pompeii,2014
197589,Kingsman: The Golden Circle,
197605,In the Blink of an Eye,2009
197608,"I'm a Cyborg, But That's OK",2006
197667,Forks Over Knives,2011
197690,The Empire Strikes Back,1980
197692,Déjà Vu,2006
197763,Journey to Italy,
197769,The Bourne Ultimatum,2007
197770,Police Story 2,1988
197772,Rio,2011
197781,The Artist,2011
197791,31,2016
197849,2012: Ice Age,2011
197855,Easy Money II: Hard to Kill,2012
197888,Boys Don't Cry,1999
197904,The Hunger,1983
197918,An Officer and a Gentleman,
197932,For the Love of Spock,2016
197940,He Got Game,1998
198004,Breakfast at Tiffany's,1961
198038,Gamer,2011
198046,Three Colors: Blue,1993
198112,The Siege,1956
198146,Meet Dave,2008
198181,Julie,2006
198209,Majestic,2002
198226,The American President,1995
198252,Being Elmo: A Puppeteer's Journey,2011
198274,The Pest,1997
198293,Hollyweird,1999
198310,Neighbor,2009
198327,Vexille,
198342,Babel,2006
198344,Wanderlust,2012
198346,Crank: High Voltage,2009
198347,Invincible,2001
198355,James Bond,2015
198391,Lake Placid vs. Anaconda,
198397,Eyes Wide Shut,1999
198403,Funny Girl,1968
198411,Adrift,2009
198420,Trog,1970
198425,"The Goods: Live Hard, Sell Hard",2009
198460,Paul Blart: Mall Cop,2009
198470,Gaslight,1940
198471,Red Sonja,1985
198472,Walk Like a Man,1987
198518,The Hole,2001
198562,Grown Ups,2010
198580,The Phantom of the Opera,1998
198588,Who Am I,2014
198616,Rangoon,2017
198619,"Planes, Trains and Automobiles",1986
198626,Cloudy with a Chance of Meatballs,2009
198643,Don't Tell Mom the Babysitter's Dead,1991
198690,The Child,1940
198699,Get Rich or Die Tryin',2005
198707,Kick-Ass,2010
198723,Home Alone 4,
198742,Blades of Glory,2007
198750,Flawless,1999
198772,Total Recall,1990
198783,2.0,2017
198791,Brick Mansions,2014
198803,Barbarella,1968
198831,Ontmaskerd,1915
198861,Big Eden,2000
198865,Beyond Skyline,
198877,Courageous,2011
198887,Revenge of the Nerds II: Nerds in Paradise,1987
198894,The Wood,1999
198918,Alila,2003
198931,Running with Scissors,2006
198960,The Ninth Configuration,1980
198961,Superman III,1983
198967,Rear Window,1954
198973,Popeye,1980
198977,Batman Begins,
199038,Heat,1996
199067,For Love of the Game,1999
199081,The Expendables 2,2012
199119,Prince of Persia: The Sands of Time,2010
199144,Imposible,2004
199161,"Houston, We Have a Problem!",2016
199184,The Negotiator,1998
199204,The Alamo,2004
199224,Teenage Mutant Ninja Turtles,2014
199246,Everybody Wants Some!!,2016
199257,List of accolades received by Ratatouille,
199262,Oldboy,2003
199282,Evil Dead Trap 3: Broken Love Killer,1993
199297,Alice Through the Looking Glass,2016
199300,District 13,2004
199326,Witching & Bitching,2013
199385,Black Hawk Down,2002
199398,The Scorpion King,1992
199449,Silent Hill,2006
199451,Bowling for Columbine,2002
199453,City of Angels,
199460,Paddington Bear,
199468,The Missing Person,2008
199473,The Best Little Whorehouse in Texas,1982
199532,Grown-Ups,
199539,Stalingrad,2013
199585,Fantastic Four: Rise of the Silver Surfer,2007
199612,The Benefactor,2015
199642,Desperado,1995
199656,Bring It On: Fight to the Finish,
199674,The Thin Blue Line,1988
199680,The Stepfather,1987
199698,The Hitchhiker's Guide to the Galaxy,2005
199710,American Wedding,2003
199722,The Fly,1958
199734,King Arthur,2004
199751,The Arrival,1991
199774,Grayson,2004
199807,CNote,2005
199831,Superbad,2007
199847,What a Girl Wants,2003
199867,Captain America II: Death Too Soon,
199888,Strangers on a Train,1951
199901,Out Cold,2001
199917,Penthouse,1933
199930,Never Let Me Go,2010
199941,Captive,2008
199945,Beauty and the Beast,2014
199948,RocknRolla,2008
199958,Do You Believe in Magic,2008
199972,Argo,2012
199989,Some Like It Hot,1959
199993,Night Train,2009
199996,Destination Moon,1950
200009,The Reader,2008
200011,Vegas Vacation,1997
200018,The Force,
200033,Loose Change,
200058,The Pit and the Pendulum,2009
200075,Tom and Huck,1995
200077,Cowspiracy,2014
200078,A Very Long Engagement,2004
200089,St. Vincent,2014
200103,Sleepless in New York,2014
200135,The Strangers,2008
200156,The Last Gangster,1937
200177,Layer Cake,2004
200199,Coach Carter,2005
200204,The Expendables 3,2014
200217,Prey,
200228,Van Wilder,2002
200256,Disaster Movie,2008
200261,The Innocents,1961
200268,The Dance,1998
200283,Sugar and Spice,2006
200318,Alice in Wonderland,2005
200334,"Murder, My Sweet",
200338,Darkness,2015
200348,Poseidon,2006
200356,A Bridge Too Far,1977
200363,The Day the Earth Stood Still,1951
200385,Pistol Pete: The Life and Times of Pete Maravich,
200416,Magic in the Moonlight,2014
200425,Midnight Sun,2018
200438,The Exorcist III,1990
200471,The Legend of Frosty the Snowman,2005
200506,Lake Placid,1999
200516,The Devil's Arithmetic,
200523,Ready Player One,2018
200582,H.,2014
200590,What We Do Is Secret,2007
200635,Joe Dirt,2001
200640,Singam II,2013
200654,Mermaids,1990
200711,Shottas,2002
200712,The Lord of the Rings: The Return of the King,2003
200719,Cell 211,2009
200732,Kevin Hart: What Now%3F,2016
200780,The Last Man,2006
200798,Red Dawn,1984
200811,The Serpent and the Rainbow,1988
200814,An Affair to Remember,1957
200817,Donald's Ostrich,1937
200857,Dante's Peak,1997
200863,The Sum of All Fears,2002
200864,T2,2017
200871,Carol,2015
200875,A Letter to Momo,2011
200914,From Russia with Love,1963
200935,Bordello of Blood,1996
200939,Blindside,1987
200964,Crazy Safari,1991
200972,The Watch,2012
201027,Secondhand Lions,2003
201033,Ryan's Daughter,1970
201070,3 Avengers,
201085,The Signal,2014
201091,Mean Girls,2004
201093,This Space Between Us,1999
201098,Mr. and Mrs.,2012
201143,Chicago,1927
201231,The Wolf of Wall Street,1929
201249,The Drop,2014
201259,You've Got Mail,1998
201287,Red Planet,2000
201314,I'm Through with White Girls,2007
201351,Scrooged,1988
201356,Hocus Pocus,1993
201366,Get Smart,2008
201368,Superhero Movie,2008
201371,Home Alone,2000
201378,Escape Plan,2013
201390,The Bling Ring,2013
201393,Requiem,1995
201412,Rush Hour 3,2007
201415,Midnight Cowboy,1969
201436,Live Free or Die Hard,2007
201476,Murder on the Orient Express,2001
201478,Mr. Magoo,1997
201543,Lady in the Water,2006
201562,In the Doghouse,
201571,Three Days,2001
201606,SEAL Team 8: Behind Enemy Lines,2014
201609,Swordfish,2001
201658,Jackie Chan: My Stunts,1999
201659,The Legend of Bagger Vance,2000
201694,Jurrat,1989
201744,Jack Reacher: Never Go Back,2016
201758,Poltergeist III,1988
201761,Sing,2016
201822,Holy Rollers,2010
201860,B*A*P*S,1997
201861,Last Action Hero,1993
201878,Romany Love,1931
201881,Rules of Engagement,2000
201890,Narco,2004
201917,The Homesman,2014
201926,Mirror Mirror,2012
201969,Oculus,2013
201971,Highlander: Endgame,2000
201991,The Hills Have Eyes,
201995,The Spymasters,2015
201999,Ernest Goes to Camp,1987
202062,A Cinderella Story,
202091,Wishful Thinking,1997
202130,Green Lantern,2011
202153,Epic,2013
202155,The Texas Chainsaw Massacre,2003
202156,The First Wives Club,1996
202175,Just Friends,2005
202188,Fool's Gold,1919
202190,The Shining,1980
202228,Black Christmas,1974
202234,The Glimmer Man,1996
202238,Santa Baby,
202256,Lord of Illusions,1995
202284,Lakeview Terrace,2008
202286,My Boss's Daughter,2003
202300,Sci-Fighters,1996
202305,The Outsider,1981
202322,The Holy Mountain,1973
202333,Kindergarten Cop,1990
202339,City of Gold,2010
202355,Dreamcatcher,2003
202374,Keanu,2016
202383,Happy Christmas,2014
202409,300 Miles to Heaven,1989
202418,Notebook,2006
202434,Ocean's 11,1960
202437,Get Over It,2001
202460,My Girl 2,1994
202461,Operation Dumbo Drop,1995
202463,Lupin III,2014
202577,Love and Death,1975
202588,Underworld: Rise of the Lycans,2009
202593,Wrath of the Titans,2012
202601,Sicko,2007
202655,The Story of Ruth,1960
202681,Lake Mungo,2008
202683,Mansfield Park,1999
202693,Faust,1994
202835,Free Willy 2: The Adventure Home,1995
202847,Cat Ballou,1965
202852,Knock Knock,2007
202857,Touch of Evil,1958
202904,Piranha 3D,2010
202908,XXX,2002
202934,Revenge of the Nerds,1984
202936,GoldenEye,1995
202956,Dancemaker,1998
203007,The Little Mermaid: Ariel's Beginning,
203008,Turtle: The Incredible Journey,2009
203010,A Tale of Mari and Three Puppies,
203049,The Simpsons Movie,2007
203054,Trick 'r Treat,2007
203103,The Garbage Pail Kids Movie,1987
203140,Above Suspicion,1995
203168,The Eye,2008
203231,Dirty Rotten Scoundrels,1988
203247,Dinner for Schmucks,
203270,Fat Man and Little Boy,1989
203301,Run,1991
203331,Old Yeller,1957
203371,Final Fantasy: The Spirits Within,2001
203386,Burn After Reading,2008
203424,The Silence of the Lambs,1991
203437,Sweet and Lowdown,1999
203457,Night at the Museum: Battle of the Smithsonian,2009
203468,Miller's Crossing,1990
203508,The Hangover Part III,2013
203526,Friday Night Lights,2004
203543,The Cabin,
203575,The Perfect Host,2010
203619,Robin Hood,1973
203622,Employee of the Month,2006
203644,The Great Wall,
203656,Little Nemo: Adventures in Slumberland,1989
203660,Private Benjamin,1980
203691,La Linea,2009
203725,The Honeymooners,2005
203730,Rocky,1976
203740,Zapped,
203761,1922,
203822,Siren,
203831,Daredevil,2003
203867,The Beauty Inside,2015
203907,V for Vendetta,2005
203928,Evil Ed,1997
203941,Let Me In,2010
203950,Whatever Works,2009
203983,Man of Steel,2013
204012,Zero Days,2016
204033,Bill & Ted's Bogus Journey,1991
204057,The Kentucky Fried Movie,1977
204073,A Walk in the Woods,2015
204081,Stalag 17,1953
204084,Alive,1993
204088,The End,2012
204109,Outbreak,
204125,Henry IV,1984
204141,Emperor,2012
204152,The Computer Wore Tennis Shoes,1969
204157,The Dukes of Hazzard,2005
204173,Aan,1952
204212,Alien Dead,1980
204215,Windy City,1984
204216,Flight of the Navigator,1986
204262,Mersal,2017
204292,Star Wars,
204322,South Park,
204331,Girls Trip,2017
204334,Happy Death Day,2017
204341,Love and Basketball,2000
204390,Brawl in Cell Block 99,
204391,3 Days of a Blind Girl,1992
204409,Murder on the Orient Express,2017
204419,Jigsaw,2017
204435,Berserk The Golden Age Arc,2012
204455,A Bad Moms Christmas,2017
204456,The Mountain Between Us,2017
204466,Atomic Blonde,2017
204468,Wish Upon,2017
204477,Nick and Norah's Infinite Playlist,
204478,Daddy's Home 2,2017
204505,Rough Night,2017
204508,Father Figures,2017
204536,The Day I Met El Chapo,2017
204537,Inside Chipotle,
204579,Snatched,2017
204590,68 Kill,2017
204595,Brigsby Bear,2017
204603,Super Dark Times,2017
204604,Bright,2017
204644,Mother!,2017
204647,Downsized,2017
204651,The Greatest Showman,2017
204700,Wonder Woman 2,2019
204704,Molly's Game,2017
204707,The Fate of the Furious,2017
204708,Olaf's Frozen Adventure,2017
204727,Legend of the Naga Pearls,
204729,Cult of Chucky,2017
204794,It,1990
204810,"Splash, Too",1988
204813,Boo 2! A Madea Halloween,2017
204843,Dave Chappelle Stand-up Special,2018
204844,Wonder Wheel,2017
204849,Captain Underpants: The First Epic Movie,
204850,Fahrenheit 9/11,2004
204853,"I, Tonya",2017
204863,Ferdinand,2017
204865,Proud Mary,2018
204870,Deadpool 2,2018
204873,Love and Friendship,2016
204883,The Post,2017
204895,Peter Rabbit,2018
204899,Insidious: The Last Key,2018
204900,The Star,2017
204901,Green Is Gold,2016
204904,Phantom Thread,2017
204932,Everybody Loves Somebody,2017
204963,Face/Off,1997
204966,Mary and the Witch's Flower,2017
204974,Black Panther,2018
204984,Home Again,2017
204998,The Langoliers,
205054,12 Strong,2018
205060,Pitch Perfect 3,2017
205061,Odd Squad: The Movie,2016
205107,The Stolen,2017
205124,Mom and Dad,2017
205129,Den of Thieves,2018
205141,Small Town Crime,2017
205163,Avengers: Infinity War,2018
205170,Forever My Girl,2018
205182,The Lion King,2019
205194,Jeepers Creepers 3,2017
205210,Blood and Bones,2009
205226,A Gentleman,2017
205261,The Five People You Meet in Heaven,
205266,Annabelle: Creation,2017
205267,A Ghost Story,2017
205305,The Cloverfield Paradox,2018
205332,Still/Born,2017
205336,A Royal Family Holiday,2012
205353,Winchester,2018
205365,To Serve Man - Twilight Zone,1962
205368,A Charlie Brown Christmas,1965
205375,Ocean's 8,2018
205376,I Feel Pretty,2018
205381,Hickok,2017
205382,Valley of Bones,2017
205401,The Vampire Diaries,2009
205402,A Dark Song,2017
205407,Money Heist,2017
205410,Altered Carbon,2018
205430,A Quiet Place,2018
205435,Game Night,2018
205439,The Clapper,2018
205443,Nothing Gold Can Stay,2017
205446,Frontier,2016
205447,The Disaster Artist,2017
205480,Titanic,2012
205492,Broadchurch,
205504,Lucky Logan,2017
205507,Sandy Wexler,2017
205510,The Last Kingdom,2015
205513,On Body and Soul,2017
205534,Samson,2018
205547,I Can Only Imagine,2018
205548,Only the Brave,2017
205557,Red Sparrow,2018
205563,Lonesome Dove,1989
205566,Guyana Tragedy: The Story of Jim Jones,1980
205569,The Meyerowitz Stories (New and Selected),2017
205591,The Open House,2018
205609,Frost/Nixon,2008
205618,Acrimony,2018
205665,The Meg,2018
205695,Blockers,2018
205697,Loveless,2017
205698,Tomb Raider,2018
205700,The Nun,2018
205711,This Is Not What I Expected,2017
205716,Napping Princess,2017
205717,Jawbone,2017
205719,Dalida,2017
205721,"Good Luck Charlie, It's Christmas!",2011
205722,Gringo,2018
205724,Incredibles 2,2018
205735,The Strangers: Prey at Night,2018
205738,Jim Gaffigan: Obsessed,2014
205741,50/50,2011
205744,Isle Of Dogs,2018
205745,A Fantastic Woman,2017
205747,The Radiant One,2016
205752,Haruko Azumi Is Missing,2016
205756,Making a Murderer,
205773,The 15-17 to Paris,
205774,All the Money in the World,
205777,Call the Midwife,2012
205778,The Crown,2016
205779,Midsomer Murders,1997
205785,Demon House,2018
205789,Lego DC Comics Super Heroes: The Flash,2018
205794,Casting JonBenet,2017
205799,Catching Faith,2015
205803,Big Bear,2017
205809,Whatever Happened to Baby Jane?,1962
205810,The Pirates of Somalia,2017
205811,The Female Brain,2018
205813,Half Magic,2018
205816,Pacific Rim Uprising,2018
205817,Ant-Man and the Wasp,2018
205821,"Love, Simon",2018
205825,Parenthood,2010
205832,The Goonies 2,2018
205841,Finding Your Feet,2018
205847,Kidnap,2017
205849,Pandas,2018
205850,Every Day,2018
205854,Like Cats and Dogs,2017
205855,Love After Love,2018
205858,The Grinch,2018
205860,A Plastic Ocean,2016
205863,Colette,2013
205865,Icarus,2017
205867,Venom,2018
205876,Night School,2018
205885,The Last Full Measure,2018
205887,9/11,2017
205896,Team Foxcatcher,2016
205901,"Game Over, Man!",2018
205904,Texas Rising,2015
205906,Judgement Night,1993
205910,La Rafle,2010
205914,Secret Superstar,2017
205920,The Botany Of Desire,2009
205931,Bakemono no Ko,2015
205932,2036: Nexus Dawn,2017
205934,Rampage,2018
205942,Survivor,2014
205943,The Ritual,2017
205951,Hurricane Heist,2018
205954,Gotti,2018
205981,Emma Stone,2017
206020,RBG,2018
206021,Christopher Robin,2018
206022,Overboard,2018
206023,Aquaman,2018
206026,Curse of the Blue Lights,1988
206027,Killer Clowns from Outer Space,1988
206029,Breaking In,2018
206032,Seven Seconds,2018
206035,Show Dogs,2018
206043,Reds,1981
206044,Solo: A Star Wars Story,2018
206045,The Strange Thing About the Johnsons,
206047,How to Be a Latin Lover,2017
206056,After the Silence,1996
206062,Cargo,2017
206064,Dr. Horrible's Sing-Along Blog,
206072,V/H/S,
206076,Ralph Breaks the Internet,2018
206079,2036 Origin Unknown,2018
206080,The Hatching,2016
206085,Hotel Artemis,2018
206087,Hereditary,2018
206092,Mowgli,2019
